Strategy,Description,start,end,obs_days,CAGR,Vol,Sharpe,Sortino,MaxDD,Calmar,TotalReturn,WinRate,AnnExcessRet,TrackingErr,InfoRatio,Beta,Alpha
ETF_EARN_BREADTH_0.6,"Earnings breadth proxy from S&P500 constituents: fraction with trailing 4Q avg surprise>0. If breadth>0.6, hold IWF else IWD.",2006-02-06,2026-02-20,5040,0.12574514548105253,0.21296046752435183,0.6639732751158418,0.8218794652438449,-0.6009759977605658,0.2092348878318274,9.734290656350026,0.5523809523809524,0.018253135092180153,0.054018458159837794,0.3379055181070177,1.0656033906598688,0.010174279328392627
ETF_EARN_BREADTH_0.5,"Earnings breadth proxy from S&P500 constituents: fraction with trailing 4Q avg surprise>0. If breadth>0.5, hold IWF else IWD.",2006-02-06,2026-02-20,5040,0.12095019321703582,0.20689260514919186,0.6565789334590277,0.8183172067576442,-0.5884681086679671,0.20553398125654396,8.85432684024635,0.5525793650793651,0.012694402029244156,0.05549870726221303,0.2287332922736123,1.029491927670921,0.009062561853715317
ETF_EARN_BREADTH_0.55,"Earnings breadth proxy from S&P500 constituents: fraction with trailing 4Q avg surprise>0. If breadth>0.55, hold IWF else IWD.",2006-02-06,2026-02-20,5040,0.11837035891299519,0.21166513629047923,0.6355996248330188,0.7882200067842553,-0.6019808585711981,0.19663475545376527,8.409688471604854,0.5515873015873016,0.011387357216265376,0.054319666635287735,0.20963599229193652,1.05783845795429,0.004264729030243303
ETF_CURVESWITCH_0.5_IWM.US_SPY.US,"Daily treasury-curve regime: if (10Y-2Y)>0.5 hold IWM.US, else SPY.US. 1-day lag.",2006-02-06,2026-02-20,5040,0.10917298081231808,0.20247374985823746,0.6141872532783339,0.7612239930019311,-0.5518947023700045,0.19781487364074332,6.974628361983054,0.547420634920635,0.0012098722861809243,0.04930100601942727,0.02454051922753115,1.014040862144204,-0.0005192166971974971
ETF_TREND_IWF.US_100_200,"Trend-following: long IWF.US when MA100>MA200, else cash.",2006-02-06,2026-02-20,5040,0.119887025334239,0.1584805659095847,0.795379158580302,0.8494950562891576,-0.31546127179257566,0.3800372218529188,8.668722697246181,0.4218253968253968,0.0029052151644623713,0.13646230375731727,0.021289506951367883,0.5866440407947477,0.05380873005800117
ETF_MOM_maj_lb63_k1_cf0,Month-end rotation in maj ETFs. Signal=trailing 63-day return. Long top 1 equally weighted. Cash filter=False.,2006-02-06,2026-02-20,5040,0.09268983678223486,0.2651649015375064,0.46668376480074636,0.5937044777595177,-0.651536059035771,0.14226355624799877,4.9076350224376775,0.5259920634920635,0.0006012305421807751,0.13969941536437466,0.004303744153891382,1.1770450338610632,-0.021201320787431685
ETF_MOM_style_lb126_k1_cf0,Month-end rotation in style ETFs. Signal=trailing 126-day return. Long top 1 equally weighted. Cash filter=False.,2006-02-06,2026-02-20,5040,0.1011992980337979,0.22063935527509715,0.5484288433915526,0.6885549731143435,-0.534441310628134,0.1893553062259678,5.901178088846048,0.5216269841269842,-0.002141937580100772,0.08663524633391756,-0.0247236277463839,1.0488370627264068,-0.008156071632093281
ETF_VIXSWITCH_16_IWF.US_USMV.US,"Daily regime switch: if VIX<16 hold IWF.US, else USMV.US. 1-day lag.",2006-02-06,2026-02-20,5040,0.11591384559444706,0.12835085259873488,0.9206948843492199,1.0056810370227331,-0.33098947488882025,0.3502040227514263,8.004072864883627,0.43293650793650795,-0.004974950610391904,0.14213777982014053,-0.03500090276246151,0.4504014836609159,0.06270641611218543
ETF_MOM_style_lb126_k2_cf0,Month-end rotation in style ETFs. Signal=trailing 126-day return. Long top 2 equally weighted. Cash filter=False.,2006-02-06,2026-02-20,5040,0.10382579990647067,0.20863636528323218,0.5790116221325178,0.712189345014476,-0.5556844365197517,0.18684309489884407,6.238610152954137,0.5232142857142857,-0.0023440437017727992,0.059906604913293665,-0.03912830154748951,1.0323689864249543,-0.006330184813030507
ETF_CURVESWITCH_-1.0_IWF.US_USMV.US,"Daily treasury-curve regime: if (10Y-2Y)>-1.0 hold IWF.US, else USMV.US. 1-day lag.",2006-02-06,2026-02-20,5040,0.1113748516805475,0.14898102446758932,0.7848948897593221,0.8053782312259169,-0.32722633786293076,0.3403602913137158,7.297917970560224,0.3976190476190476,-0.006212479224324308,0.1434817188659067,-0.04329805408929474,0.5215329910862034,0.05270926115928677
ETF_TREND_IWF.US_20_200,"Trend-following: long IWF.US when MA20>MA200, else cash.",2006-02-06,2026-02-20,5040,0.11182155995747323,0.14317082166136688,0.8139664129372765,0.844818795700654,-0.2820223315602406,0.39649895573460253,7.365007787609704,0.42698412698412697,-0.006610683855029298,0.14899053334823031,-0.044369824756140784,0.477440033260085,0.05774096865496653
ETF_MOM_all_lb63_k1_cf0,Month-end rotation in all ETFs. Signal=trailing 63-day return. Long top 1 equally weighted. Cash filter=False.,2006-02-06,2026-02-20,5040,0.08614765038555139,0.26273794305597653,0.44562690953960626,0.5578978920440576,-0.6556821721492754,0.1313862936110739,4.237848805523611,0.5257936507936508,-0.006063826417555096,0.13626903920433087,-0.044498929859027564,1.172586976054258,-0.02731738164124163
ETF_CURVESWITCH_0.0_IWM.US_SPY.US,"Daily treasury-curve regime: if (10Y-2Y)>0.0 hold IWM.US, else SPY.US. 1-day lag.",2006-02-06,2026-02-20,5040,0.10320683163033717,0.20863607086856342,0.5763891576655739,0.7103827158285463,-0.5518947023700045,0.18700457023257425,6.157706526362845,0.5444444444444444,-0.0028913548536659396,0.06201609116869293,-0.04662265549362672,1.0289398182640783,-0.006455204454030208
ETF_VIXSWITCH_20_IWF.US_USMV.US,"Daily regime switch: if VIX<20 hold IWF.US, else USMV.US. 1-day lag.",2006-02-06,2026-02-20,5040,0.11162801222585217,0.1456641718402876,0.8011202098378453,0.9170043503310091,-0.3414952108337572,0.32688016898776845,7.335876388116114,0.466468253968254,-0.006452412089480308,0.13496673115323377,-0.04780742657319594,0.5401061788845845,0.05018209734787042
ETF_CURVESWITCH_-0.5_IWF.US_USMV.US,"Daily treasury-curve regime: if (10Y-2Y)>-0.5 hold IWF.US, else USMV.US. 1-day lag.",2006-02-06,2026-02-20,5040,0.10856564624921883,0.14638222262270184,0.7788807753785931,0.7912315131793347,-0.324409262158032,0.3346564322085613,6.88758441378643,0.3982142857142857,-0.009132624942037848,0.14383916733926488,-0.06349192025308223,0.5099349243829722,0.05121738168043259
ETF_CURVESWITCH_-0.5_IWM.US_SPY.US,"Daily treasury-curve regime: if (10Y-2Y)>-0.5 hold IWM.US, else SPY.US. 1-day lag.",2006-02-06,2026-02-20,5040,0.10030161172130359,0.21289773376489174,0.5566330841440597,0.6954226966291637,-0.5518947023700045,0.18174048652864,5.789317580630444,0.5428571428571428,-0.00464100184743938,0.07137860370673414,-0.06501951013839333,1.0362364841060097,-0.009103413401699373
ETF_MOM_maj_lb126_k1_cf0,Month-end rotation in maj ETFs. Signal=trailing 126-day return. Long top 1 equally weighted. Cash filter=False.,2006-02-06,2026-02-20,5040,0.082870366510164,0.2598506504511413,0.4360854360160064,0.5511361138380326,-0.5949901468709837,0.1392802333718871,3.930088270913469,0.5220238095238096,-0.009829839799363693,0.13474288275430893,-0.07295257158194052,1.1579908638273755,-0.02928592869993875
ETF_VIXSWITCH_22_IWF.US_USMV.US,"Daily regime switch: if VIX<22 hold IWF.US, else USMV.US. 1-day lag.",2006-02-06,2026-02-20,5040,0.10637331323367927,0.15255485209942105,0.7406037443497512,0.8478358803264798,-0.34149521083375733,0.311492840482213,6.580826909429443,0.4746031746031746,-0.010164229316534247,0.1302851916110477,-0.07801523097728892,0.5840403160258786,0.041059926273235556
ETF_CURVESWITCH_-0.5_MTUM.US_USMV.US,"Daily treasury-curve regime: if (10Y-2Y)>-0.5 hold MTUM.US, else USMV.US. 1-day lag.",2006-02-06,2026-02-20,5040,0.10451730638822676,0.1462425783784495,0.7544759625851942,0.7672609970391175,-0.34082303807697734,0.30666150673952025,6.330022388921336,0.39325396825396824,-0.012810413907052693,0.14931998989596323,-0.08579168747528305,0.48797775699051293,0.05024355033957039
ETF_MOM_all_lb63_k2_cf0,Month-end rotation in all ETFs. Signal=trailing 63-day return. Long top 2 equally weighted. Cash filter=False.,2006-02-06,2026-02-20,5040,0.09078103145705674,0.2318821465834667,0.49108545333901993,0.6095807004632813,-0.569222350660597,0.15948254904555845,4.704243000473757,0.5297619047619048,-0.009272974924170656,0.09501763493482011,-0.09759214624142254,1.096345406439917,-0.021137615368856083
ETF_VIXSWITCH_16_MTUM.US_USMV.US,"Daily regime switch: if VIX<16 hold MTUM.US, else USMV.US. 1-day lag.",2006-02-06,2026-02-20,5040,0.10518989448051985,0.12622731702185933,0.8573433815198895,0.8798793941252528,-0.33098947488882036,0.31780434866049206,6.41998516252757,0.38015873015873014,-0.014926769184267259,0.14862293920855366,-0.10043381771114743,0.41806795774914685,0.05673637179644553
ETF_VIXSWITCH_18_IWF.US_USMV.US,"Daily regime switch: if VIX<18 hold IWF.US, else USMV.US. 1-day lag.",2006-02-06,2026-02-20,5040,0.10452554512058354,0.13859722445802208,0.7883454819029944,0.888564178259105,-0.33098947488882013,0.3157971870727727,6.331118073452721,0.451984126984127,-0.013884428294263318,0.13808925463671984,-0.10054676832523585,0.5019722580465333,0.04744615619438449
ETF_VIXSWITCH_16_SPY.US_USMV.US,"Daily regime switch: if VIX<16 hold SPY.US, else USMV.US. 1-day lag.",2006-02-06,2026-02-20,5040,0.10567088862104757,0.1234785995383363,0.8771934565483595,0.9460625133586393,-0.33098947488882025,0.31925754937235556,6.4849633582884945,0.43333333333333335,-0.014832304461167489,0.14020739519668396,-0.1057883176579583,0.44131349888459626,0.05396821963197995
ETF_CURVESWITCH_-1.0_MTUM.US_USMV.US,"Daily treasury-curve regime: if (10Y-2Y)>-1.0 hold MTUM.US, else USMV.US. 1-day lag.",2006-02-06,2026-02-20,5040,0.10088404249778704,0.14715977908747424,0.7282503449204611,0.7434566853007808,-0.34082303807697734,0.2960012417793238,5.861696152316497,0.39186507936507936,-0.015977764121228342,0.149870397554134,-0.10661054071969399,0.4893694852037761,0.04690481307688621
ETF_CURVESWITCH_0.5_IWF.US_USMV.US,"Daily treasury-curve regime: if (10Y-2Y)>0.5 hold IWF.US, else USMV.US. 1-day lag.",2006-02-06,2026-02-20,5040,0.10430563028183082,0.1261721748327561,0.8511373965529621,0.8834216202702092,-0.2959446665052713,0.3524497721602729,6.301924477409079,0.39226190476190476,-0.015757067595400253,0.1461366752958266,-0.10782418283018391,0.42764889829453406,0.05472621002811327
ETF_TREND_IWF.US_50_200,"Trend-following: long IWF.US when MA50>MA200, else cash.",2006-02-06,2026-02-20,5040,0.10046121806054553,0.15361464320426135,0.701490018329598,0.735914767400144,-0.31546127179257566,0.31845816600461024,5.809079349964889,0.42083333333333334,-0.01538778512307515,0.14009199728107244,-0.10984057206417117,0.5530284522168399,0.03965538610231038
ETF_CURVESWITCH_-1.0_SPY.US_USMV.US,"Daily treasury-curve regime: if (10Y-2Y)>-1.0 hold SPY.US, else USMV.US. 1-day lag.",2006-02-06,2026-02-20,5040,0.1040833915183288,0.13149125665978983,0.8204992092095901,0.833760590712816,-0.33717265260729645,0.3086946426807463,6.272534610909692,0.3950396825396825,-0.015258451892675278,0.13760553614578902,-0.11088545068708944,0.4781724891739178,0.04900300092456582
ETF_MOM_style_lb63_k1_cf0,Month-end rotation in style ETFs. Signal=trailing 63-day return. Long top 1 equally weighted. Cash filter=False.,2006-02-06,2026-02-20,5040,0.09321923705142598,0.2201238832132433,0.5161307037938065,0.6450647135315973,-0.5864054976742803,0.15896719492081696,4.965254139635462,0.526984126984127,-0.009534229235635511,0.0858067522764822,-0.11111280852121852,1.0477131757326779,-0.015409960061425768
ETF_CURVESWITCH_0.0_IWF.US_USMV.US,"Daily treasury-curve regime: if (10Y-2Y)>0.0 hold IWF.US, else USMV.US. 1-day lag.",2006-02-06,2026-02-20,5040,0.10135863644601506,0.13965265696085988,0.762729718065938,0.7638145497234461,-0.32261653156709125,0.3141768214842287,5.921215315606522,0.396031746031746,-0.016629692329150042,0.144632992396682,-0.11497855401777998,0.48123088406606285,0.04725512856474355
ETF_CURVESWITCH_-0.5_SPY.US_USMV.US,"Daily treasury-curve regime: if (10Y-2Y)>-0.5 hold SPY.US, else USMV.US. 1-day lag.",2006-02-06,2026-02-20,5040,0.10317957421090362,0.13010397219350925,0.8215438818018104,0.8299747158936635,-0.33717265260729645,0.3060140655329969,6.154163608658399,0.396031746031746,-0.016260801646316658,0.13840024881901375,-0.11749113014575173,0.47041303205931406,0.04895620444650424
ETF_MOM_style_lb21_k2_cf0,Month-end rotation in style ETFs. Signal=trailing 21-day return. Long top 2 equally weighted. Cash filter=False.,2006-02-06,2026-02-20,5040,0.09907219941618117,0.20860299572114538,0.5582974480296757,0.7000367545607714,-0.5495357953674598,0.18028343240122194,5.638913123737877,0.5337301587301587,-0.0066844038378094306,0.05604786174921479,-0.11926242374061334,1.0381462831076667,-0.011382001264583358
ETF_MOM_all_lb126_k2_cf0,Month-end rotation in all ETFs. Signal=trailing 126-day return. Long top 2 equally weighted. Cash filter=False.,2006-02-06,2026-02-20,5040,0.08898473639382631,0.22841850507027744,0.48786464993617557,0.6009315502448462,-0.5496533775483967,0.16189245809917951,4.518930098106841,0.5234126984126984,-0.011709609985285281,0.09374559370975125,-0.12490837725573399,1.0782984683485832,-0.021351825516389547
ETF_MOM_style_lb252_k1_cf0,Month-end rotation in style ETFs. Signal=trailing 252-day return. Long top 1 equally weighted. Cash filter=False.,2006-02-06,2026-02-20,5040,0.09258866379663733,0.21668211032997226,0.5181513540035191,0.642772861428594,-0.5290776886432838,0.17500012906244988,4.896683862934132,0.5091269841269841,-0.010872795144495406,0.08556643512665703,-0.1270684600600016,1.0282269453616117,-0.014348856639717342
ETF_CURVESWITCH_0.5_SPY.US_USMV.US,"Daily treasury-curve regime: if (10Y-2Y)>0.5 hold SPY.US, else USMV.US. 1-day lag.",2006-02-06,2026-02-20,5040,0.10222774122719058,0.11955317511547318,0.8757171559658696,0.9034166159798749,-0.3068152063629569,0.3331899433506467,6.031484154919162,0.39305555555555555,-0.018452157501141105,0.14364723544808888,-0.12845466495372182,0.41558755226504934,0.05351643778521307
ETF_CURVESWITCH_0.5_MTUM.US_USMV.US,"Daily treasury-curve regime: if (10Y-2Y)>0.5 hold MTUM.US, else USMV.US. 1-day lag.",2006-02-06,2026-02-20,5040,0.09992203576174874,0.12966116272113853,0.8009902450487661,0.8245879502370785,-0.33427213530576216,0.29892421535629654,5.742538783880471,0.39186507936507936,-0.019289597498714877,0.14917135220343228,-0.12931167555737777,0.4276013884083185,0.05119953082114571
ETF_CURVESWITCH_-1.0_IWM.US_SPY.US,"Daily treasury-curve regime: if (10Y-2Y)>-1.0 hold IWM.US, else SPY.US. 1-day lag.",2006-02-06,2026-02-20,5040,0.09404364662566089,0.2145337180318324,0.5273724739017699,0.6616387883979585,-0.5518947023700045,0.1704014302398786,5.05604596927692,0.5424603174603174,-0.010007746386509014,0.07447580080334722,-0.13437581440446697,1.0395352404532416,-0.014876389637958842
ETF_VIXSWITCH_20_SPY.US_USMV.US,"Daily regime switch: if VIX<20 hold SPY.US, else USMV.US. 1-day lag.",2006-02-06,2026-02-20,5040,0.1005714956113628,0.13548214229086952,0.7767822431243376,0.876400407948891,-0.34147190653141546,0.2945234840339939,5.822765352672315,0.4648809523809524,-0.017906801608059488,0.13033345517237654,-0.1373922112648583,0.5183380575590372,0.04140838501180924
ETF_CURVESWITCH_0.0_MTUM.US_USMV.US,"Daily treasury-curve regime: if (10Y-2Y)>0.0 hold MTUM.US, else USMV.US. 1-day lag.",2006-02-06,2026-02-20,5040,0.09629381130838377,0.1415461250133227,0.7218205043529236,0.7236777400547536,-0.34082303807697734,0.2825331639894458,5.310585373054512,0.39246031746031745,-0.020976028653788198,0.1487031811757993,-0.1410597169999271,0.4724154199775941,0.043994389526240074
ETF_VIXSWITCH_14_IWF.US_USMV.US,"Daily regime switch: if VIX<14 hold IWF.US, else USMV.US. 1-day lag.",2006-02-06,2026-02-20,5040,0.09930408487933118,0.12417894554321059,0.8263412922729539,0.8743820688352922,-0.33098947488882036,0.3000218810966346,5.667037200103124,0.41884920634920636,-0.020532733666732833,0.14386241016080684,-0.1427247996445978,0.4297881895013318,0.049687096825121534
ETF_VIXSWITCH_14_MTUM.US_USMV.US,"Daily regime switch: if VIX<14 hold MTUM.US, else USMV.US. 1-day lag.",2006-02-06,2026-02-20,5040,0.09845426701271931,0.12358138063862296,0.8234593174261725,0.8409241654680428,-0.33098947488882036,0.2974543738763602,5.56451695632653,0.39107142857142857,-0.021382684652740645,0.14741762546421155,-0.14504835894122206,0.41401458309792355,0.050779616948093215
ETF_MOM_style_lb63_k2_cf0,Month-end rotation in style ETFs. Signal=trailing 63-day return. Long top 2 equally weighted. Cash filter=False.,2006-02-06,2026-02-20,5040,0.09749720942103446,0.20682248485846125,0.5544961124742487,0.6835488464144973,-0.5642452540881595,0.17279225428062028,5.450853106130038,0.5287698412698413,-0.008464660173993149,0.05797278795177393,-0.14601092120821704,1.0253640399092991,-0.011588163669057627
ETF_MOM_style_lb252_k2_cf0,Month-end rotation in style ETFs. Signal=trailing 252-day return. Long top 2 equally weighted. Cash filter=False.,2006-02-06,2026-02-20,5040,0.09706797550686042,0.2051893306444488,0.5552487564535312,0.6802948074484364,-0.5312994621103436,0.18269917895512705,5.400485280024553,0.5067460317460317,-0.00921580332241068,0.06253146846850309,-0.1473786486703934,1.0090759842214223,-0.010333482861558899
ETF_VIXSWITCH_18_MTUM.US_USMV.US,"Daily regime switch: if VIX<18 hold MTUM.US, else USMV.US. 1-day lag.",2006-02-06,2026-02-20,5040,0.09611759285608623,0.13315828692690018,0.7574560814244855,0.7726656779728877,-0.33098947488882036,0.29039471085409047,5.290290272672043,0.3742063492063492,-0.022285369775224013,0.14894186325011205,-0.14962462056521655,0.4407617749742728,0.04658309742037748
ETF_CURVESWITCH_0.0_SPY.US_USMV.US,"Daily treasury-curve regime: if (10Y-2Y)>0.0 hold SPY.US, else USMV.US. 1-day lag.",2006-02-06,2026-02-20,5040,0.09813438761336113,0.12667054856281543,0.80407611932969,0.8029932142992721,-0.33717265260729645,0.2910508514095235,5.526316800338252,0.3956349206349206,-0.02129416087827283,0.1401967665291084,-0.15188767476816045,0.4519940367290409,0.046191087832656824
ETF_MOM_style_lb63_k3_cf0,Month-end rotation in style ETFs. Signal=trailing 63-day return. Long top 3 equally weighted. Cash filter=False.,2006-02-06,2026-02-20,5040,0.10052867248135988,0.20252985605309923,0.5754561490856278,0.7068267144132464,-0.554543986305176,0.18128169264112634,5.817447684244919,0.5311507936507937,-0.006599872961070126,0.04304558247416777,-0.1533228866139162,1.0220420367915823,-0.009314281990666584
ETF_MOM_all_lb126_k3_cf0,Month-end rotation in all ETFs. Signal=trailing 126-day return. Long top 3 equally weighted. Cash filter=False.,2006-02-06,2026-02-20,5040,0.09214567735611734,0.21478361260207493,0.5185304861154763,0.6361973739137855,-0.553051867245392,0.16661308425748758,4.848960856361842,0.5244047619047619,-0.011775072948118023,0.07538538260322858,-0.15619835757731532,1.039148409416393,-0.016596079147271875
ETF_VIXSWITCH_18_SPY.US_USMV.US,"Daily regime switch: if VIX<18 hold SPY.US, else USMV.US. 1-day lag.",2006-02-06,2026-02-20,5040,0.09693205534897631,0.13021721486122015,0.777307449641342,0.863561772808785,-0.33098947488882047,0.292855400859909,5.384613974755785,0.4515873015873016,-0.021928112816877586,0.1344537137739335,-0.1630904212403071,0.48515637152678753,0.041473296371023934
ETF_VIXSWITCH_14_SPY.US_USMV.US,"Daily regime switch: if VIX<14 hold SPY.US, else USMV.US. 1-day lag.",2006-02-06,2026-02-20,5040,0.09537448687299599,0.12040032852255045,0.8186097014455416,0.861799044903114,-0.33098947488882025,0.2881496062828958,5.205386790754789,0.41904761904761906,-0.02458604701421983,0.14252864180560795,-0.1724989917996957,0.422562599685725,0.04652359263751822
ETF_MOM_maj_lb21_k1_cf0,Month-end rotation in maj ETFs. Signal=trailing 21-day return. Long top 1 equally weighted. Cash filter=False.,2006-02-06,2026-02-20,5040,0.06780178496958,0.26069693285092504,0.3815252134279411,0.49280134227359257,-0.6691947166006839,0.10131847022641409,2.7231016511054436,0.5257936507936508,-0.02368447105448826,0.13728178318331397,-0.17252450037518513,1.154657698259514,-0.042730090868195736
ETF_VIXSWITCH_22_SPY.US_USMV.US,"Daily regime switch: if VIX<22 hold SPY.US, else USMV.US. 1-day lag.",2006-02-06,2026-02-20,5040,0.09497935381791511,0.14184197128538611,0.7122517260960337,0.8006127534918785,-0.34147190653141535,0.2781469046244278,5.160685455208209,0.4726190476190476,-0.02211973511923602,0.12468622115774025,-0.1774032039280025,0.5610350898701266,0.031937443307558044
ETF_VIXSWITCH_20_MTUM.US_USMV.US,"Daily regime switch: if VIX<20 hold MTUM.US, else USMV.US. 1-day lag.",2006-02-06,2026-02-20,5040,0.09031154349349513,0.13820258943903746,0.696262655808078,0.7049988553475022,-0.33357981021367733,0.2707344411391244,4.655246168431836,0.3609126984126984,-0.026921622037754646,0.15000678928133346,-0.17946935713079254,0.4547609685366503,0.040222887532147845
ETF_MOM_all_lb252_k2_cf0,Month-end rotation in all ETFs. Signal=trailing 252-day return. Long top 2 equally weighted. Cash filter=False.,2006-02-06,2026-02-20,5040,0.08581407646157713,0.21865998155492308,0.4867637530243662,0.5979566341559921,-0.5347843317664572,0.16046482921091362,4.205708608168204,0.5031746031746032,-0.01671117074242878,0.09261966221085687,-0.18042789558229969,1.022953115184586,-0.019537776273647264
ETF_MOM_style_lb21_k3_cf0,Month-end rotation in style ETFs. Signal=trailing 21-day return. Long top 3 equally weighted. Cash filter=False.,2006-02-06,2026-02-20,5040,0.09940040718465348,0.20351983601807797,0.5685574601760841,0.7038404285445349,-0.5506364914463251,0.18051910603230123,5.6787528316180875,0.5343253968253968,-0.007434202938368506,0.04046853154785829,-0.18370330362477022,1.0302672446360026,-0.011161521013272807
ETF_MOM_all_lb21_k1_cf0,Month-end rotation in all ETFs. Signal=trailing 21-day return. Long top 1 equally weighted. Cash filter=False.,2006-02-06,2026-02-20,5040,0.06799550134797028,0.2568256327925564,0.3840989937954598,0.4882170749893069,-0.6263517326935196,0.10855801588600567,2.736659546579413,0.5301587301587302,-0.024500456863941335,0.13249318410490807,-0.18491862075227175,1.1451739268322259,-0.042378179398451316
ETF_TREND_IWF.US_20_100,"Trend-following: long IWF.US when MA20>MA100, else cash.",2006-02-06,2026-02-20,5040,0.088809418873256,0.13744288685444458,0.6893564527217849,0.718263757817799,-0.2824484784733494,0.31442696860424285,4.5011532599523285,0.4152777777777778,-0.028399783066317658,0.15288480325083587,-0.18575935908774915,0.4403530918469262,0.040519012199307605
ETF_MOM_all_lb252_k1_cf0,Month-end rotation in all ETFs. Signal=trailing 252-day return. Long top 1 equally weighted. Cash filter=False.,2006-02-06,2026-02-20,5040,0.0731728114539445,0.2386956415833269,0.4158033674194811,0.5267319542555111,-0.5582151966713422,0.1310835174145682,3.1168855478263193,0.4986111111111111,-0.023896472441711943,0.12610027159182885,-0.18950373492352496,1.0474813669881176,-0.029743656733653104
ETF_MOM_maj_lb126_k2_cf0,Month-end rotation in maj ETFs. Signal=trailing 126-day return. Long top 2 equally weighted. Cash filter=False.,2006-02-06,2026-02-20,5040,0.08130363425460874,0.23022980023069511,0.4550326662528823,0.567668383769062,-0.5667232960389241,0.14346266480110353,3.789106158017015,0.5214285714285715,-0.018384844150531883,0.09698091541678737,-0.18957177369723918,1.0811461791045947,-0.02837774650168305
ETF_MOM_all_lb21_k2_cf0,Month-end rotation in all ETFs. Signal=trailing 21-day return. Long top 2 equally weighted. Cash filter=False.,2006-02-06,2026-02-20,5040,0.08259579127705674,0.22899144647882752,0.46134618052657295,0.5837054790106796,-0.581993896808326,0.14191865538455783,3.905099023029277,0.5321428571428571,-0.017502594794105018,0.09002414427690508,-0.1944211181844106,1.0909049063570118,-0.028697254388554375
ETF_MOM_style_lb126_k3_cf0,Month-end rotation in style ETFs. Signal=trailing 126-day return. Long top 3 equally weighted. Cash filter=False.,2006-02-06,2026-02-20,5040,0.09735987225822829,0.20222706718534975,0.5617043210404447,0.6873063249027331,-0.5574346899525782,0.1746570028975248,5.434696651227914,0.5246031746031746,-0.009555106530919621,0.04524965534948603,-0.21116418361442812,1.0178152978443649,-0.011749005660611753
ETF_VIXSWITCH_22_MTUM.US_USMV.US,"Daily regime switch: if VIX<22 hold MTUM.US, else USMV.US. 1-day lag.",2006-02-06,2026-02-20,5040,0.08395765136083577,0.14069720615304968,0.6447697485719422,0.6530063233946453,-0.33357981021367744,0.2516868491143273,4.030235578273834,0.3607142857142857,-0.032429621764107255,0.15064832410964887,-0.2152670595942919,0.46146249260606426,0.03388961573052941
ETF_MOM_style_lb21_k1_cf0,Month-end rotation in style ETFs. Signal=trailing 21-day return. Long top 1 equally weighted. Cash filter=False.,2006-02-06,2026-02-20,5040,0.08404594887062111,0.21858482737620857,0.4796007090777951,0.6022324017777628,-0.5428512789118971,0.15482315716209535,4.038452757903416,0.5369047619047619,-0.01831348579707191,0.08233564601700026,-0.2224247538310224,1.0464930291196621,-0.024038959320639264
ETF_TREND_SPY.US_20_200,"Trend-following: long SPY.US when MA20>MA200, else cash.",2006-02-06,2026-02-20,5040,0.08542903559753134,0.12739092996466927,0.7090167571171352,0.7060804444693081,-0.3406466010902044,0.25078493466285734,4.168842492379755,0.41785714285714287,-0.032824619950433655,0.14601853297044023,-0.2247976286465898,0.4322272229122852,0.03709485107932653
ETF_TREND_SPY.US_50_200,"Trend-following: long SPY.US when MA50>MA200, else cash.",2006-02-06,2026-02-20,5040,0.08419158769871204,0.13695550914051857,0.660171869027228,0.6744977691950926,-0.337172652607297,0.24969874350032026,4.0520341316388135,0.4146825396825397,-0.032732749557296666,0.1370875907059177,-0.23877252046304223,0.49961685165736935,0.028887895982948615
ETF_MOM_maj_lb63_k2_cf0,Month-end rotation in maj ETFs. Signal=trailing 63-day return. Long top 2 equally weighted. Cash filter=False.,2006-02-06,2026-02-20,5040,0.07469809561451668,0.23370877834650558,0.42539008409109347,0.5359316384550569,-0.5862123220636899,0.1274249837525609,3.2357351210384477,0.5285714285714286,-0.023729527126756456,0.09814402076959511,-0.24178270811038596,1.0996312894778364,-0.03599881396018813
ETF_MACRO_BLEND_cpi2.0_sl-0.5,"Macro blend: risk-on when CPI_YOY>2.0, 10Y-3M>-0.5, FedFunds<5; hold MTUM else USMV. 1-day lag.",2006-02-06,2026-02-20,5040,0.08404352429202877,0.11412262828655975,0.7658354413291701,0.7802696607577082,-0.33098947488882013,0.2539160023751786,4.038226950569816,0.3904761904761905,-0.03574777060058043,0.14666771296632242,-0.24373306078990292,0.3869902550636657,0.03974249387086165
ETF_MACRO_BLEND_cpi2.0_sl0.0,"Macro blend: risk-on when CPI_YOY>2.0, 10Y-3M>0.0, FedFunds<5; hold MTUM else USMV. 1-day lag.",2006-02-06,2026-02-20,5040,0.08404352429202877,0.11412262828655975,0.7658354413291701,0.7802696607577082,-0.33098947488882013,0.2539160023751786,4.038226950569816,0.3904761904761905,-0.03574777060058043,0.14666771296632242,-0.24373306078990292,0.3869902550636657,0.03974249387086165
ETF_MACRO_BLEND_cpi3.0_sl-0.5,"Macro blend: risk-on when CPI_YOY>3.0, 10Y-3M>-0.5, FedFunds<5; hold MTUM else USMV. 1-day lag.",2006-02-06,2026-02-20,5040,0.08404352429202877,0.11412262828655975,0.7658354413291701,0.7802696607577082,-0.33098947488882013,0.2539160023751786,4.038226950569816,0.3904761904761905,-0.03574777060058043,0.14666771296632242,-0.24373306078990292,0.3869902550636657,0.03974249387086165
ETF_MACRO_BLEND_cpi3.0_sl0.0,"Macro blend: risk-on when CPI_YOY>3.0, 10Y-3M>0.0, FedFunds<5; hold MTUM else USMV. 1-day lag.",2006-02-06,2026-02-20,5040,0.08404352429202877,0.11412262828655975,0.7658354413291701,0.7802696607577082,-0.33098947488882013,0.2539160023751786,4.038226950569816,0.3904761904761905,-0.03574777060058043,0.14666771296632242,-0.24373306078990292,0.3869902550636657,0.03974249387086165
ETF_MACRO_BLEND_cpi4.0_sl-0.5,"Macro blend: risk-on when CPI_YOY>4.0, 10Y-3M>-0.5, FedFunds<5; hold MTUM else USMV. 1-day lag.",2006-02-06,2026-02-20,5040,0.08404352429202877,0.11412262828655975,0.7658354413291701,0.7802696607577082,-0.33098947488882013,0.2539160023751786,4.038226950569816,0.3904761904761905,-0.03574777060058043,0.14666771296632242,-0.24373306078990292,0.3869902550636657,0.03974249387086165
ETF_MACRO_BLEND_cpi4.0_sl0.0,"Macro blend: risk-on when CPI_YOY>4.0, 10Y-3M>0.0, FedFunds<5; hold MTUM else USMV. 1-day lag.",2006-02-06,2026-02-20,5040,0.08404352429202877,0.11412262828655975,0.7658354413291701,0.7802696607577082,-0.33098947488882013,0.2539160023751786,4.038226950569816,0.3904761904761905,-0.03574777060058043,0.14666771296632242,-0.24373306078990292,0.3869902550636657,0.03974249387086165
ETF_MOM_all_lb126_k1_cf0,Month-end rotation in all ETFs. Signal=trailing 126-day return. Long top 1 equally weighted. Cash filter=False.,2006-02-06,2026-02-20,5040,0.0604950139445084,0.2550507755489617,0.35740475070476296,0.44578864308780697,-0.5797342516968489,0.10434955976370719,2.2445193071774985,0.5170634920634921,-0.03199056514833806,0.13051433149729305,-0.2451115121311904,1.1400024713524697,-0.04923143884790884
ETF_MOM_maj_lb252_k1_cf0,Month-end rotation in maj ETFs. Signal=trailing 252-day return. Long top 1 equally weighted. Cash filter=False.,2006-02-06,2026-02-20,5040,0.06236568515546792,0.24601642331244877,0.36930843638847877,0.4720674813406532,-0.568013606687162,0.10979611125727189,2.3611490265420714,0.4982142857142857,-0.03229098338105271,0.13106452635153254,-0.24637470015492682,1.0777573188524432,-0.04186655801628275
ETF_MOM_factor_lb252_k1_cf0,Month-end rotation in factor ETFs. Signal=trailing 252-day return. Long top 1 equally weighted. Cash filter=False.,2006-02-06,2026-02-20,5040,0.07830929207481474,0.14120084925175777,0.6060124553448694,0.5914164290873872,-0.3947057451505199,0.1983991696015261,3.5302482649869615,0.3545634920634921,-0.03757745064838408,0.15078217137743596,-0.2492168026554776,0.4628168821802077,0.028574997936298016
ETF_MOM_style_lb252_k3_cf0,Month-end rotation in style ETFs. Signal=trailing 252-day return. Long top 3 equally weighted. Cash filter=False.,2006-02-06,2026-02-20,5040,0.09509612300091286,0.19996819582134479,0.5554149046667937,0.6748591396866248,-0.5514169321484436,0.17245774922144141,5.173863585378251,0.5109126984126984,-0.012081607581770213,0.04823959808599492,-0.2504500049934565,1.0019828042806935,-0.012325783829833306
ETF_MOM_maj_lb21_k2_cf0,Month-end rotation in maj ETFs. Signal=trailing 21-day return. Long top 2 equally weighted. Cash filter=False.,2006-02-06,2026-02-20,5040,0.07439984942256883,0.23391890768508708,0.4240646132908187,0.5368246059427635,-0.5983846202289553,0.1243344947503861,3.21224247918731,0.5285714285714286,-0.023950192871517333,0.09503289704598178,-0.25202002270515844,1.1089500587734427,-0.03736705747917632
ETF_MOM_factor_lb21_k3_cf0,Month-end rotation in factor ETFs. Signal=trailing 21-day return. Long top 3 equally weighted. Cash filter=False.,2006-02-06,2026-02-20,5040,0.0810254005833364,0.13170323195632463,0.6588621399131337,0.6266197414687155,-0.3674164113342533,0.2205274399395959,3.764473312143119,0.346031746031746,-0.036372650759949825,0.14327605582782782,-0.25386412649022316,0.4576900835914513,0.030411147300909394
ETF_MOM_all_lb252_k3_cf0,Month-end rotation in all ETFs. Signal=trailing 252-day return. Long top 3 equally weighted. Cash filter=False.,2006-02-06,2026-02-20,5040,0.08564692114555217,0.20718096534670807,0.5012050334382057,0.6088166449366187,-0.5250851429868977,0.1631105398609408,4.189673577331249,0.508531746031746,-0.01930678133597082,0.07412782995483888,-0.260452536482893,0.9989016450933225,-0.01917152230775228
ETF_MOM_factor_lb126_k1_cf0,Month-end rotation in factor ETFs. Signal=trailing 126-day return. Long top 1 equally weighted. Cash filter=False.,2006-02-06,2026-02-20,5040,0.07662020571687456,0.1426890082606532,0.5902003261211346,0.5845576525002667,-0.3834157801727288,0.1998358170922364,3.390151214280964,0.3617063492063492,-0.038931824790899586,0.1484868999017309,-0.2621902997261213,0.47760113199135584,0.025399988905879786
ETF_MOM_factor_lb21_k2_cf0,Month-end rotation in factor ETFs. Signal=trailing 21-day return. Long top 2 equally weighted. Cash filter=False.,2006-02-06,2026-02-20,5040,0.07794083207950342,0.1342972028151259,0.627503096361856,0.592093229146648,-0.37925224821674797,0.2055118524569936,3.499329759772621,0.3474206349206349,-0.03887501340097342,0.14550134869781053,-0.26717974608912487,0.45832154002020015,0.027831022743044852
ETF_TREND_SPY.US_100_200,"Trend-following: long SPY.US when MA100>MA200, else cash.",2006-02-06,2026-02-20,5040,0.08005453478420077,0.14293459650895565,0.6115687815440706,0.6301039327460303,-0.3371726526072968,0.23742890820223153,3.679459191695175,0.4083333333333333,-0.03573258697274164,0.13084655998792388,-0.2730877065149163,0.54420337171753,0.020397365770193604
ETF_VIXSWITCH_22_IWM.US_SPY.US,"Daily regime switch: if VIX<22 hold IWM.US, else SPY.US. 1-day lag.",2006-02-06,2026-02-20,5040,0.07944978955357573,0.2194065997751011,0.45890477401183,0.6198171546040845,-0.5362051872716124,0.1481704978607952,3.627235111670358,0.5382936507936508,-0.022460187913872883,0.08194877951528177,-0.27407592945799075,1.0521366597143467,-0.028880657185372596
ETF_VIXSWITCH_14_IWM.US_SPY.US,"Daily regime switch: if VIX<14 hold IWM.US, else SPY.US. 1-day lag.",2006-02-06,2026-02-20,5040,0.09397660474512559,0.20187296390372456,0.5468569708277876,0.6933000071439835,-0.5518947023700036,0.17027995438543164,5.048613914365373,0.5446428571428571,-0.012751286467863615,0.04622715560761514,-0.27583973748727075,1.0147167012355545,-0.014563602956461336
ETF_MOM_factor_lb21_k1_cf0,Month-end rotation in factor ETFs. Signal=trailing 21-day return. Long top 1 equally weighted. Cash filter=False.,2006-02-06,2026-02-20,5040,0.07409135326729688,0.14268078737877954,0.5736049317860833,0.5789185349432907,-0.37452957632778916,0.1978251063474142,3.1880727332108023,0.37956349206349205,-0.041304520688665476,0.14727708800617031,-0.28045449056308425,0.482338384171851,0.022443914973869696
ETF_TREND_SPY.US_20_100,"Trend-following: long SPY.US when MA20>MA100, else cash.",2006-02-06,2026-02-20,5040,0.0757968786145502,0.12019630810170565,0.6694458774945221,0.6993148177269282,-0.22795782758795247,0.3325039522290835,3.323364139699156,0.4093253968253968,-0.042682001051410866,0.15200801399604863,-0.2807878343324686,0.3847002067669202,0.033090275823588755
ETF_TREND_MTUM.US_100_200,"Trend-following: long MTUM.US when MA100>MA200, else cash.",2006-02-06,2026-02-20,5040,0.06916168207849616,0.14195290246239947,0.5432109297546438,0.47367461197346133,-0.34082303807697767,0.20292549021546902,2.8192751059566548,0.2771825396825397,-0.046036555872315074,0.16381457485769094,-0.2810284488546086,0.4110162292460185,0.02649498378244692
ETF_MOM_factor_lb63_k1_cf0,Month-end rotation in factor ETFs. Signal=trailing 63-day return. Long top 1 equally weighted. Cash filter=False.,2006-02-06,2026-02-20,5040,0.07016477478996097,0.1460411881636201,0.5386282678551367,0.5386682687735979,-0.3763271085703225,0.18644624102823465,2.8917225989807678,0.3680555555555556,-0.04448501178421315,0.1497749750234772,-0.2970123131514001,0.4853797736913055,0.018888886114312838
ETF_MOM_maj_lb252_k2_cf0,Month-end rotation in maj ETFs. Signal=trailing 252-day return. Long top 2 equally weighted. Cash filter=False.,2006-02-06,2026-02-20,5040,0.0727177052927852,0.22097700739640988,0.4288999663012652,0.5329306385627114,-0.5262333908262643,0.13818527398766475,3.0820420999839486,0.503968253968254,-0.028369892974725055,0.09502637776049767,-0.2985475574574603,1.0305098387650584,-0.032127085770403255
ETF_MOM_factor_lb126_k2_cf0,Month-end rotation in factor ETFs. Signal=trailing 126-day return. Long top 2 equally weighted. Cash filter=False.,2006-02-06,2026-02-20,5040,0.07251818082702144,0.13344419212303585,0.5928056491732882,0.5474528736521694,-0.3792522482167484,0.19121358190492835,3.066854786874168,0.3325396825396825,-0.04404045306033454,0.14669360885277682,-0.3002206667656105,0.45063529424021653,0.023612120608603078
ETF_VIXSWITCH_16_IWM.US_SPY.US,"Daily regime switch: if VIX<16 hold IWM.US, else SPY.US. 1-day lag.",2006-02-06,2026-02-20,5040,0.08807062636846008,0.20623658238252984,0.5133024920586114,0.6625855253625186,-0.5518947023700038,0.1595786768567591,4.426837122267644,0.5436507936507936,-0.017285172309711615,0.05718221589519688,-0.3022823099596116,1.0233520662191204,-0.02016090743365996
ETF_MOM_all_lb21_k3_cf0,Month-end rotation in all ETFs. Signal=trailing 21-day return. Long top 3 equally weighted. Cash filter=False.,2006-02-06,2026-02-20,5040,0.08058084986855896,0.21753000973699327,0.46568470749972046,0.5780957914719171,-0.5674143456786178,0.14201412157139884,3.725365579720136,0.530952380952381,-0.02184652504357984,0.0700550310177884,-0.311848053250033,1.0653026202145832,-0.0298883418522001
ETF_VIXSWITCH_18_IWM.US_SPY.US,"Daily regime switch: if VIX<18 hold IWM.US, else SPY.US. 1-day lag.",2006-02-06,2026-02-20,5040,0.08109264897009494,0.21327296992790415,0.47304685986086537,0.6244066002010902,-0.5416295614131115,0.1497197618950565,3.770415954419736,0.5424603174603174,-0.022258815282759695,0.07111308378105537,-0.31300590691549324,1.038871811144801,-0.0270457592555831
ETF_TREND_EFA.US_20_100,"Trend-following: long EFA.US when MA20>MA100, else cash.",2006-02-06,2026-02-20,5040,0.06253261461887893,0.12485770170668042,0.5493814567636421,0.5663899717071852,-0.21763040801127043,0.28733399523673436,2.3717478577602806,0.3416666666666667,-0.05455241794850282,0.17362087601996576,-0.31420425468833185,0.30613337646941774,0.030895122406129336
ETF_TREND_EEM.US_20_100,"Trend-following: long EEM.US when MA20>MA100, else cash.",2006-02-06,2026-02-20,5040,0.05233385084715847,0.15643201174355184,0.40501622572543783,0.42340133642594685,-0.3817523089825019,0.13708849852577384,1.7792010054494254,0.30376984126984125,-0.05978942102141284,0.1898663927415506,-0.31490260154931327,0.3457999397953102,0.020773304073951587
ETF_MOM_factor_lb63_k3_cf0,Month-end rotation in factor ETFs. Signal=trailing 63-day return. Long top 3 equally weighted. Cash filter=False.,2006-02-06,2026-02-20,5040,0.07111094065452583,0.13084153754430267,0.5918211694228006,0.5579603062986033,-0.36522720879455106,0.194703294119928,2.961253710638869,0.3390873015873016,-0.04571213224169028,0.1440672678313002,-0.3172971413249882,0.45164535573337794,0.021816055461312808
ETF_MOM_factor_lb252_k3_cf0,Month-end rotation in factor ETFs. Signal=trailing 252-day return. Long top 3 equally weighted. Cash filter=False.,2006-02-06,2026-02-20,5040,0.07040635353133284,0.12933215506517565,0.5920920646528566,0.540170246778922,-0.3692823202744997,0.19065725507518877,2.909364482922732,0.32043650793650796,-0.046570381281693225,0.14535690502033666,-0.3203864396731428,0.44143777791971806,0.022214838230561175
ETF_MOM_factor_lb63_k2_cf0,Month-end rotation in factor ETFs. Signal=trailing 63-day return. Long top 2 equally weighted. Cash filter=False.,2006-02-06,2026-02-20,5040,0.06907699135949352,0.13593383322908814,0.5607373361857972,0.5231588794659348,-0.3792522482167482,0.18213996537738392,2.8132174101853913,0.3375,-0.04692374845786456,0.14643104076872082,-0.32044946352363496,0.46059854164116676,0.019501881940586795
ETF_MOM_factor_lb126_k3_cf0,Month-end rotation in factor ETFs. Signal=trailing 126-day return. Long top 3 equally weighted. Cash filter=False.,2006-02-06,2026-02-20,5040,0.06981316577416696,0.1291605443448891,0.5884404128738185,0.5491880405609341,-0.36522720879455095,0.19114995841790786,2.866180592012785,0.33194444444444443,-0.047143639958926446,0.14454608643178465,-0.32614954249106354,0.4439791465866534,0.0213286178192428
ETF_TREND_MTUM.US_50_200,"Trend-following: long MTUM.US when MA50>MA200, else cash.",2006-02-06,2026-02-20,5040,0.060677266830447385,0.13658294566239274,0.5006926894986437,0.4260767565162776,-0.34082303807697767,0.17803158839498087,2.2557108071166714,0.273015873015873,-0.05476084159697736,0.16700158941416585,-0.3279061102876209,0.37703278743697005,0.02195565438353011
ETF_MOM_style_lb126_k1_cf1,Month-end rotation in style ETFs. Signal=trailing 126-day return. Long top 1 equally weighted. Cash filter=True.,2006-02-06,2026-02-20,5040,0.06240082899808996,0.14156648977136188,0.49983563792330904,0.45782799218790854,-0.41989854517845093,0.14860930030507843,2.363377776088044,0.31865079365079363,-0.05238694727689648,0.15723629348212437,-0.3331733794813663,0.4377015596107786,0.016858376027499414
ETF_MOM_maj_lb126_k3_cf0,Month-end rotation in maj ETFs. Signal=trailing 126-day return. Long top 3 equally weighted. Cash filter=False.,2006-02-06,2026-02-20,5040,0.07536054513116341,0.21946591140026403,0.4413835770077213,0.5466754804434308,-0.5831995962661436,0.12921913117507128,3.288361911612143,0.5208333333333334,-0.02627827499527903,0.07865804007454674,-0.33408250409036616,1.059526878001518,-0.03360882691653855
ETF_TREND_MTUM.US_20_200,"Trend-following: long MTUM.US when MA20>MA200, else cash.",2006-02-06,2026-02-20,5040,0.058502023208031106,0.12543310568899443,0.517366584834947,0.4296482976086666,-0.2834854047409855,0.20636696715121242,2.1244982057174284,0.2722222222222222,-0.05825202648475521,0.17278483100474445,-0.3371362297586097,0.3119121881373281,0.026483870988593693
ETF_MOM_style_lb126_k2_cf1,Month-end rotation in style ETFs. Signal=trailing 126-day return. Long top 2 equally weighted. Cash filter=True.,2006-02-06,2026-02-20,5040,0.06457207305200718,0.13460240223976555,0.5336083010792262,0.48600511214762737,-0.40017507139533093,0.161359559022148,2.503829788342387,0.32083333333333336,-0.05132196481995105,0.15195018617507752,-0.3377551953801488,0.4338518788341995,0.01839743483046568
ETF_MOM_maj_lb21_k3_cf0,Month-end rotation in maj ETFs. Signal=trailing 21-day return. Long top 3 equally weighted. Cash filter=False.,2006-02-06,2026-02-20,5040,0.075413828934358,0.22156278645185298,0.4395069586801043,0.5534818106550714,-0.5878310177221683,0.1282916801950752,3.2926218069319715,0.5297619047619048,-0.025768537570245758,0.07522284825384075,-0.3425626411133335,1.0788956919520523,-0.03548429935105793
ETF_TREND_QUAL.US_100_200,"Trend-following: long QUAL.US when MA100>MA200, else cash.",2006-02-06,2026-02-20,5040,0.06470738481090543,0.11698830437350183,0.5955926849554501,0.5007787930501802,-0.3405669760418867,0.18999899979423432,2.512764705740088,0.25853174603174606,-0.05346954569003361,0.15583748725440297,-0.3431109332660251,0.35884955242892536,0.025486159750098762
ETF_TREND_IWD.US_20_200,"Trend-following: long IWD.US when MA20>MA200, else cash.",2006-02-06,2026-02-20,5040,0.0627344703005901,0.11734648207087696,0.5785663005917575,0.5793688836392838,-0.2433888481212424,0.25775408686489765,2.384606671095206,0.3763888888888889,-0.055254203981045746,0.15890142830602658,-0.34772628899398267,0.3471166865804372,0.02514636779804231
ETF_VIXSWITCH_20_IWM.US_SPY.US,"Daily regime switch: if VIX<20 hold IWM.US, else SPY.US. 1-day lag.",2006-02-06,2026-02-20,5040,0.07425034243264927,0.2172077466128089,0.4390750795844137,0.5894842713598794,-0.5558486887104948,0.13358013419965342,3.20051255335423,0.5376984126984127,-0.027776415370019257,0.07833989800950589,-0.3545628227176688,1.0470513801893784,-0.03357064811033475
ETF_TREND_IWD.US_20_100,"Trend-following: long IWD.US when MA20>MA100, else cash.",2006-02-06,2026-02-20,5040,0.06063099740656841,0.11364585970584475,0.5759266041593013,0.6274624753583239,-0.23516425345635517,0.25782403794555064,2.2528660981358968,0.37757936507936507,-0.057695249943101115,0.1621824393676007,-0.355742891571473,0.32168555552685946,0.025837087399096972
ETF_MOM_factor_lb252_k2_cf0,Month-end rotation in factor ETFs. Signal=trailing 252-day return. Long top 2 equally weighted. Cash filter=False.,2006-02-06,2026-02-20,5040,0.06291874316026469,0.1321973346739509,0.5290070446460232,0.4766109918097349,-0.385260225060727,0.16331492084433857,2.39638607540605,0.31726190476190474,-0.05321360267435158,0.14812244200894017,-0.3592541545512768,0.44060754221932996,0.015673857810601315
ETF_MOM_all_lb63_k3_cf0,Month-end rotation in all ETFs. Signal=trailing 63-day return. Long top 3 equally weighted. Cash filter=False.,2006-02-06,2026-02-20,5040,0.07457579801292136,0.2179195210057142,0.4396048980970011,0.541569537864611,-0.5834202386006635,0.127825181710857,3.226086807833819,0.5238095238095238,-0.027348435175324703,0.07580139258747257,-0.3607906694247685,1.0563933559401197,-0.0342931034934343
ETF_MOM_style_lb63_k1_cf1,Month-end rotation in style ETFs. Signal=trailing 63-day return. Long top 1 equally weighted. Cash filter=True.,2006-02-06,2026-02-20,5040,0.057932607656086876,0.1344211047164683,0.487655681457477,0.44694286628227625,-0.4029053480936381,0.14378713990816255,2.0909895499553652,0.32341269841269843,-0.057595708577564714,0.15851155244938073,-0.3633533814236918,0.4060548545890996,0.015546809105012521
ETF_TREND_USMV.US_100_200,"Trend-following: long USMV.US when MA100>MA200, else cash.",2006-02-06,2026-02-20,5040,0.06192245847117195,0.10260592241597036,0.6382339474488667,0.5801355518941532,-0.33098947488882047,0.18708286265589483,2.333160678048672,0.3253968253968254,-0.05766034110501342,0.1582898477793974,-0.36427062072236116,0.30649402581073987,0.027742786392591978
ETF_MOM_style_lb126_k3_cf1,Month-end rotation in style ETFs. Signal=trailing 126-day return. Long top 3 equally weighted. Cash filter=True.,2006-02-06,2026-02-20,5040,0.06037338704781314,0.1332020099760081,0.5080043545673013,0.4647609381869185,-0.38400380211412977,0.1572208054072068,2.2370709788715497,0.31845238095238093,-0.055479722895391374,0.14974121059151205,-0.3705040361024415,0.43773522631400663,0.013761454458060748
ETF_MOM_maj_lb63_k3_cf0,Month-end rotation in maj ETFs. Signal=trailing 63-day return. Long top 3 equally weighted. Cash filter=False.,2006-02-06,2026-02-20,5040,0.07208208813615258,0.2209816897689554,0.4260210015043254,0.532108700348146,-0.5795821898099043,0.12436905309287472,3.0338471654049837,0.5257936507936508,-0.02900408321091404,0.07764092660281402,-0.3735669379490539,1.070542594809546,-0.03769118677274644
ETF_MOM_maj_lb252_k3_cf0,Month-end rotation in maj ETFs. Signal=trailing 252-day return. Long top 3 equally weighted. Cash filter=False.,2006-02-06,2026-02-20,5040,0.07212958128712499,0.21544589625434765,0.43154513470429406,0.5317421019768108,-0.5412918026588396,0.13325452359119902,3.037429507510655,0.5073412698412698,-0.0301722956798272,0.07964909562623493,-0.3788152952926962,1.0341364188440652,-0.03437609065687777
ETF_MOM_style_lb63_k2_cf1,Month-end rotation in style ETFs. Signal=trailing 63-day return. Long top 2 equally weighted. Cash filter=True.,2006-02-06,2026-02-20,5040,0.05783872263033252,0.12909643561919815,0.501492556257922,0.4594728576220021,-0.3926671329451794,0.14729708136384165,2.0854975496986303,0.3267857142857143,-0.05840602249786915,0.15324501392589895,-0.38112837084363493,0.4092363762423863,0.014344700579463784
ETF_MOM_style_lb252_k3_cf1,Month-end rotation in style ETFs. Signal=trailing 252-day return. Long top 3 equally weighted. Cash filter=True.,2006-02-06,2026-02-20,5040,0.05862598362695359,0.13760821517008107,0.48402085783501275,0.4630192948191097,-0.3835168697908057,0.1528641586455686,2.131838565717541,0.3494047619047619,-0.056541677648576885,0.14385671963933305,-0.3930416166164567,0.4766612247016108,0.007905882739780531
ETF_TREND_IWD.US_100_200,"Trend-following: long IWD.US when MA100>MA200, else cash.",2006-02-06,2026-02-20,5040,0.05810222880178251,0.13713582328779936,0.4815811262868756,0.4642206719167131,-0.38514309297454596,0.15085881030098722,2.100935448302928,0.3619047619047619,-0.057104899767130644,0.14251120343661947,-0.4007046350719143,0.48006652120464205,0.0069233088315677205
ETF_TREND_EEM.US_20_200,"Trend-following: long EEM.US when MA20>MA200, else cash.",2006-02-06,2026-02-20,5040,0.03545987592511701,0.16089854680126528,0.2976413328621778,0.313433153757135,-0.41463152947501714,0.08552141697958737,1.01022907403387,0.3253968253968254,-0.07525686607501485,0.1875326995174761,-0.40129996671647333,0.3764258769484697,0.0015343690652952838
ETF_MOM_maj_lb21_k1_cf1,Month-end rotation in maj ETFs. Signal=trailing 21-day return. Long top 1 equally weighted. Cash filter=True.,2006-02-06,2026-02-20,5040,0.04729180867565419,0.11159925025182464,0.470706786487269,0.41394935956224116,-0.2759089391679833,0.171403684194738,1.5241974765726374,0.20912698412698413,-0.07061639953993294,0.17527864713662877,-0.40288078835116153,0.2566456452970064,0.02092540268436157
ETF_MOM_style_lb63_k3_cf1,Month-end rotation in style ETFs. Signal=trailing 63-day return. Long top 3 equally weighted. Cash filter=True.,2006-02-06,2026-02-20,5040,0.05499650724247629,0.12785127515309339,0.48396697131453453,0.445089861918151,-0.37503745192715354,0.1466427071746389,1.923557541884327,0.3261904761904762,-0.06127112958580081,0.15151688339874048,-0.40438483297040784,0.4119913519070695,0.01114032671272927
ETF_MOM_style_lb252_k2_cf1,Month-end rotation in style ETFs. Signal=trailing 252-day return. Long top 2 equally weighted. Cash filter=True.,2006-02-06,2026-02-20,5040,0.05492228051438541,0.1388017608135132,0.4558266579128134,0.43723566700235733,-0.403776642872679,0.1360214402785646,1.9194385434761791,0.346031746031746,-0.05987738125633531,0.14679123900620036,-0.40790841239100256,0.4696913454005213,0.005428498328608325
ETF_TREND_QUAL.US_20_200,"Trend-following: long QUAL.US when MA20>MA200, else cash.",2006-02-06,2026-02-20,5040,0.05117713154670911,0.10322680718861052,0.5364736860184008,0.431692169561883,-0.30884020041570226,0.16570748069009195,1.7186225790560337,0.2617063492063492,-0.06776845825190747,0.1656396923264133,-0.4091317564026399,0.2764686984257178,0.02133219595528124
ETF_TREND_USMV.US_50_200,"Trend-following: long USMV.US when MA50>MA200, else cash.",2006-02-06,2026-02-20,5040,0.053733700716930066,0.09878853344261682,0.5805156048306073,0.5210858710837236,-0.33098947488882025,0.16234262655928644,1.8542280607741226,0.32123015873015875,-0.06579863875847869,0.16081378597167104,-0.40916043584509987,0.28551527069698557,0.022187957900752203
ETF_TREND_IWM.US_20_200,"Trend-following: long IWM.US when MA20>MA200, else cash.",2006-02-06,2026-02-20,5040,0.03836817570962903,0.15647899854798172,0.31966680159473465,0.3466641064924578,-0.41636328157685765,0.09215071887300066,1.1264448879590807,0.35099206349206347,-0.07312578301792846,0.17488587862945368,-0.41813429186268636,0.41881490086000633,-0.001554625783721647
ETF_TREND_IWD.US_50_200,"Trend-following: long IWD.US when MA50>MA200, else cash.",2006-02-06,2026-02-20,5040,0.05313690583118058,0.12999416987320045,0.46461865226894267,0.4412515307784078,-0.378657618912538,0.14032968881963548,1.822009608760276,0.3738095238095238,-0.06274920799105758,0.148893897259217,-0.42143572802982543,0.42985581013569957,0.0074622952276754
ETF_TREND_VLUE.US_20_100,"Trend-following: long VLUE.US when MA20>MA100, else cash.",2006-02-06,2026-02-20,5040,0.04303081929269825,0.0885285052112341,0.5211771300332633,0.4291731392550247,-0.2584570855515629,0.16649115732643935,1.3261844554642828,0.1884920634920635,-0.07700789172818163,0.18257457576599362,-0.4217886932212352,0.1603212367899318,0.026395965109958383
ETF_MOM_maj_lb63_k1_cf1,Month-end rotation in maj ETFs. Signal=trailing 63-day return. Long top 1 equally weighted. Cash filter=True.,2006-02-06,2026-02-20,5040,0.04273862608225132,0.13239781430739125,0.3834657232845261,0.31332442388122095,-0.3933513603984742,0.1086525442265055,1.313161158886781,0.25892857142857145,-0.07237690037577095,0.17059312447666924,-0.42426622173301676,0.34587243541757473,0.008176897106708061
ETF_MOM_style_lb252_k1_cf1,Month-end rotation in style ETFs. Signal=trailing 252-day return. Long top 1 equally weighted. Cash filter=True.,2006-02-06,2026-02-20,5040,0.048029498693618944,0.14799958656058124,0.39214517588013714,0.3777487515337546,-0.41916588852775405,0.11458350979444928,1.5600653481288824,0.3474206349206349,-0.06510960009844972,0.1525992733709975,-0.4266704464557271,0.4816730252154955,-0.0012792275270829545
ETF_MOM_maj_lb21_k2_cf1,Month-end rotation in maj ETFs. Signal=trailing 21-day return. Long top 2 equally weighted. Cash filter=True.,2006-02-06,2026-02-20,5040,0.044408198071030025,0.11047156177262107,0.44944030332331,0.377290510924689,-0.2760606249171763,0.16086393372598273,1.388519212359287,0.21051587301587302,-0.07349655176869255,0.17129915957423508,-0.42905377907830683,0.27168840979014225,0.016192780279803407
ETF_TREND_EFA.US_20_200,"Trend-following: long EFA.US when MA20>MA200, else cash.",2006-02-06,2026-02-20,5040,0.040378671083940665,0.1275777845157569,0.37495546389049667,0.3849844011578515,-0.24078348124538074,0.16769701507384988,1.210485896351929,0.3498015873015873,-0.07531093662522616,0.1713999425296024,-0.4393871754757436,0.3254958106288191,0.007752179521507134
ETF_TREND_EEM.US_100_200,"Trend-following: long EEM.US when MA100>MA200, else cash.",2006-02-06,2026-02-20,5040,0.02802051517446902,0.1759556485705616,0.24584569808465126,0.24070179803888925,-0.5091387865993912,0.05503512188026754,0.7397853027675354,0.3117063492063492,-0.07988898474581545,0.17844483039117418,-0.4476957083611823,0.488342912103669,-0.01687998822816071
ETF_TREND_QUAL.US_50_200,"Trend-following: long QUAL.US when MA50>MA200, else cash.",2006-02-06,2026-02-20,5040,0.04556296994540454,0.1107866310394111,0.4585834664849368,0.37756755465492087,-0.34056697604188657,0.13378563733613655,1.441999469929804,0.25932539682539685,-0.07234200669812917,0.16110527683040304,-0.4490356127430587,0.3177745860552884,0.011671954504354057
ETF_TREND_MTUM.US_20_100,"Trend-following: long MTUM.US when MA20>MA100, else cash.",2006-02-06,2026-02-20,5040,0.03841979866819001,0.12040330716801359,0.37445274086560043,0.3001388386952684,-0.28213650975685456,0.13617450184416124,1.128564286924504,0.25615079365079363,-0.07806157562210864,0.17322446176082998,-0.4506382922374853,0.2934065194672334,0.008953238024540913
ETF_TREND_EFA.US_100_200,"Trend-following: long EFA.US when MA100>MA200, else cash.",2006-02-06,2026-02-20,5040,0.040070419429993676,0.13646346382915342,0.35717655136638293,0.33948651375877215,-0.34791505772557285,0.11517299564999073,1.1973989352643972,0.3351190476190476,-0.07440537460246323,0.16284149388312646,-0.45691901264064827,0.39488452799710483,0.00011273444000279437
ETF_TREND_IWM.US_20_100,"Trend-following: long IWM.US when MA20>MA100, else cash.",2006-02-06,2026-02-20,5040,0.0305526776969256,0.15526329488918872,0.2719689170856309,0.31037713553022134,-0.38315100179808115,0.07974056586971087,0.8276999533610285,0.3468253968253968,-0.08092013382639698,0.17636249385865685,-0.4588284734212843,0.4068523246267488,-0.007875822125939076
ETF_MOM_factor_lb126_k1_cf1,Month-end rotation in factor ETFs. Signal=trailing 126-day return. Long top 1 equally weighted. Cash filter=True.,2006-02-06,2026-02-20,5040,0.04088534707138769,0.10926614003534038,0.42258940071339884,0.32598706216363993,-0.3834157801727287,0.10663449233354155,1.2321580835952606,0.2501984126984127,-0.07697221136460519,0.1653526360103697,-0.465503382475938,0.29483717112551217,0.009866421931010658
ETF_TREND_VLUE.US_100_200,"Trend-following: long VLUE.US when MA100>MA200, else cash.",2006-02-06,2026-02-20,5040,0.03871978588158376,0.11758201793609394,0.38290877849335897,0.28053182717833236,-0.41476966546670335,0.09335250165417915,1.140920142084339,0.19186507936507938,-0.07812373713975171,0.167220747421433,-0.46718925937100103,0.31169744820670264,0.006638604895513843
ETF_MOM_maj_lb21_k3_cf1,Month-end rotation in maj ETFs. Signal=trailing 21-day return. Long top 3 equally weighted. Cash filter=True.,2006-02-06,2026-02-20,5040,0.03809585280785677,0.10971969967086516,0.39642061592536276,0.32864402230031187,-0.2756412158275897,0.13820811482592382,1.1152977188191016,0.20972222222222223,-0.07965177307776196,0.16985436683454871,-0.46894156777776574,0.27605078237087777,0.009500346206070855
ETF_TREND_QUAL.US_20_100,"Trend-following: long QUAL.US when MA20>MA100, else cash.",2006-02-06,2026-02-20,5040,0.03805540232394633,0.0964371065193394,0.4364800081544451,0.3735808028450942,-0.2524358311778534,0.15075277604760648,1.1136466764945432,0.25992063492063494,-0.08105405496043976,0.16989941302770123,-0.4770708357111701,0.23935457049080097,0.0126170899389072
ETF_MOM_factor_lb252_k1_cf1,Month-end rotation in factor ETFs. Signal=trailing 252-day return. Long top 1 equally weighted. Cash filter=True.,2006-02-06,2026-02-20,5040,0.03835103363640879,0.11143764138117444,0.39454916958337183,0.30298613255693174,-0.4225062690090887,0.09077033040563905,1.1257415575691256,0.2523809523809524,-0.07917929513316206,0.16424235041712218,-0.48208817598865517,0.3061008749738298,0.006272247680677169
ETF_TREND_USMV.US_20_200,"Trend-following: long USMV.US when MA20>MA200, else cash.",2006-02-06,2026-02-20,5040,0.0375184744660324,0.09275186831136407,0.4446724479477746,0.38529421881718884,-0.2713149536937326,0.13828384302173125,1.0918468841816398,0.31706349206349205,-0.08190272366664003,0.16399092088499712,-0.4994345005451674,0.25635377128938436,0.009675021943888952
ETF_TREND_IWM.US_50_200,"Trend-following: long IWM.US when MA50>MA200, else cash.",2006-02-06,2026-02-20,5040,0.0253170675004879,0.16705217698269964,0.23430103539339606,0.23523409648621066,-0.5028139694164403,0.05035076398110135,0.6503647079766846,0.3515873015873016,-0.0840064259688269,0.16742649072314816,-0.5017511004709276,0.49843072992653065,-0.022239713185938315
ETF_TREND_EEM.US_50_200,"Trend-following: long EEM.US when MA50>MA200, else cash.",2006-02-06,2026-02-20,5040,0.016966307950609494,0.17016060915896689,0.18471303530971525,0.1818276628489488,-0.5079872012186357,0.033399085468901926,0.40091362789150176,0.3253968253968254,-0.09171604139274096,0.18211133228453624,-0.5036262172248426,0.44399541106674656,-0.02324578653526567
ETF_MOM_maj_lb63_k2_cf1,Month-end rotation in maj ETFs. Signal=trailing 63-day return. Long top 2 equally weighted. Cash filter=True.,2006-02-06,2026-02-20,5040,0.030875948907654216,0.12423301192748694,0.30783076869592463,0.25280624021009135,-0.37032344715120746,0.08337562513303998,0.8392228213781914,0.25535714285714284,-0.08490418044147247,0.16546772931278209,-0.513116248065904,0.34090300005105845,-0.0037384122795860453
ETF_MOM_factor_lb126_k2_cf1,Month-end rotation in factor ETFs. Signal=trailing 126-day return. Long top 2 equally weighted. Cash filter=True.,2006-02-06,2026-02-20,5040,0.032785730817484815,0.1035788350946796,0.364310329329226,0.257267711209884,-0.3792522482167482,0.08644834927582892,0.908717216235049,0.21805555555555556,-0.08541208447558395,0.1660346060983529,-0.5144233872815315,0.2756933369298928,0.0037840531148042936
ETF_MOM_maj_lb252_k3_cf1,Month-end rotation in maj ETFs. Signal=trailing 252-day return. Long top 3 equally weighted. Cash filter=True.,2006-02-06,2026-02-20,5040,0.03287839156237493,0.12913617127402405,0.3160738462477235,0.2644901673375344,-0.3623217731755759,0.09074362623645733,0.9121516854136076,0.26944444444444443,-0.08233035765622694,0.15826984639384128,-0.520189786820381,0.3885128243831693,-0.00702759291305978
ETF_MOM_all_lb63_k1_cf1,Month-end rotation in all ETFs. Signal=trailing 63-day return. Long top 1 equally weighted. Cash filter=True.,2006-02-06,2026-02-20,5040,0.02674298041191525,0.12372216003163954,0.276107989174709,0.20965871030429248,-0.337138164192628,0.07932350369160616,0.6969700403232595,0.23789682539682538,-0.08898624717786491,0.17064237122339745,-0.5214780276397271,0.3160366161900289,-0.004758260332468865
ETF_MOM_maj_lb126_k1_cf1,Month-end rotation in maj ETFs. Signal=trailing 126-day return. Long top 1 equally weighted. Cash filter=True.,2006-02-06,2026-02-20,5040,0.02565663616006697,0.13954564917298634,0.252285427790274,0.1999739553389549,-0.41278796630908177,0.062154515766227894,0.661351744974958,0.24503968253968253,-0.08794159020269794,0.16857922054526017,-0.5216632863631357,0.3808797095543759,-0.011698830847819752
ETF_TREND_VLUE.US_20_200,"Trend-following: long VLUE.US when MA20>MA200, else cash.",2006-02-06,2026-02-20,5040,0.02502229977955106,0.09392101742192098,0.31091252983676076,0.2324795868232905,-0.36116963225538523,0.0692812948400314,0.6408832505339705,0.1873015873015873,-0.09394570286902573,0.17974065443978454,-0.5226736442087234,0.18711620101983095,0.006158436545489962
ETF_MOM_factor_lb126_k3_cf1,Month-end rotation in factor ETFs. Signal=trailing 126-day return. Long top 3 equally weighted. Cash filter=True.,2006-02-06,2026-02-20,5040,0.031695931003958844,0.10022580452186267,0.3624365136198981,0.26006978422446136,-0.36522720879455073,0.08678414488496826,0.8687611202660646,0.21686507936507937,-0.08682143283481283,0.16511400885146024,-0.5258271750423869,0.27064909418438665,0.0029958877335979975
ETF_MOM_all_lb63_k2_cf1,Month-end rotation in all ETFs. Signal=trailing 63-day return. Long top 2 equally weighted. Cash filter=True.,2006-02-06,2026-02-20,5040,0.028732069071416788,0.11643575418056047,0.30245363736386544,0.22966113238667676,-0.3376733463544699,0.08508835352748134,0.7640752823787107,0.2365079365079365,-0.08793050662941071,0.16582162101369644,-0.5302716623522671,0.31433241862946093,-0.0034926530965409958
ETF_TREND_SIZE.US_100_200,"Trend-following: long SIZE.US when MA100>MA200, else cash.",2006-02-06,2026-02-20,5040,0.027725009368407827,0.10790613799685694,0.3083052908561803,0.1990910201540091,-0.3915406632795101,0.07081003831424709,0.7297914375748269,0.1623015873015873,-0.08987889074023217,0.1676350709214694,-0.5361580380861999,0.2807725523728796,-0.0013082429079852576
ETF_MOM_maj_lb63_k3_cf1,Month-end rotation in maj ETFs. Signal=trailing 63-day return. Long top 3 equally weighted. Cash filter=True.,2006-02-06,2026-02-20,5040,0.028204260878807563,0.12150078580839023,0.29066629391037724,0.23483253803129625,-0.3762727906321044,0.07495695033230265,0.7460271290994993,0.25456349206349205,-0.08783074088241456,0.1631875711281645,-0.538219548674425,0.34194228708601704,-0.006792957722037238
ETF_TREND_SIZE.US_20_200,"Trend-following: long SIZE.US when MA20>MA200, else cash.",2006-02-06,2026-02-20,5040,0.02289697159038684,0.08355017709697096,0.31369792058477936,0.20369441797249893,-0.3315442857556552,0.06906157811828999,0.5740361856308018,0.1623015873015873,-0.09693740718070504,0.17881080820198794,-0.5421227506038709,0.16703127762748793,0.00564012876836999
ETF_TREND_USMV.US_20_100,"Trend-following: long USMV.US when MA20>MA100, else cash.",2006-02-06,2026-02-20,5040,0.02858594537073178,0.08742825283452615,0.3670327627782509,0.31559940296922995,-0.27856812828977684,0.1026174298769586,0.7590609870984448,0.30158730158730157,-0.09105789081772997,0.1673016103334989,-0.5442738455157183,0.22895401512847768,0.0038940504823874143
ETF_MOM_factor_lb63_k1_cf1,Month-end rotation in factor ETFs. Signal=trailing 63-day return. Long top 1 equally weighted. Cash filter=True.,2006-02-06,2026-02-20,5040,0.023959257485567376,0.10593240724886523,0.2773983966701831,0.20660155443364794,-0.3763271085703225,0.0636660419617106,0.6071176444099033,0.23015873015873015,-0.09376144407430309,0.17038279734172912,-0.5502987715696419,0.2627704116999397,-0.002973887992753419
ETF_MOM_maj_lb252_k2_cf1,Month-end rotation in maj ETFs. Signal=trailing 252-day return. Long top 2 equally weighted. Cash filter=True.,2006-02-06,2026-02-20,5040,0.025467661951597886,0.13339086267613132,0.256134265215977,0.21645387803838165,-0.3690243511683504,0.06901349970798928,0.6552287749764083,0.26607142857142857,-0.08898095340249626,0.16137897038563703,-0.5513788642306539,0.3901539142350644,-0.013880283826598956
ETF_MOM_all_lb252_k3_cf1,Month-end rotation in all ETFs. Signal=trailing 252-day return. Long top 3 equally weighted. Cash filter=True.,2006-02-06,2026-02-20,5040,0.02854515802140023,0.12122957133601624,0.293762854277892,0.2349769862052826,-0.36263533011646765,0.07871587694511833,0.757663771612106,0.25952380952380955,-0.08753417910198137,0.15844651973402432,-0.5524525199314434,0.3613865207521391,-0.008890893507140327
ETF_MOM_all_lb126_k3_cf1,Month-end rotation in all ETFs. Signal=trailing 126-day return. Long top 3 equally weighted. Cash filter=True.,2006-02-06,2026-02-20,5040,0.026259514291124164,0.11675921892306243,0.2814086438282869,0.20605730696853836,-0.3611190660065864,0.07271705308034115,0.6810298133022086,0.23214285714285715,-0.09028987054895814,0.1629691490759176,-0.5540304472372464,0.32783624358678076,-0.007514971521827958
ETF_TREND_VLUE.US_50_200,"Trend-following: long VLUE.US when MA50>MA200, else cash.",2006-02-06,2026-02-20,5040,0.021602416261734092,0.1078886224819804,0.2530778399674733,0.1747934089333129,-0.42989173695268823,0.050250829231713166,0.5345957940166921,0.1878968253968254,-0.09584270446576973,0.17262557119735947,-0.5552057195259873,0.2580926302935667,-0.004479093992876958
ETF_TREND_IWM.US_100_200,"Trend-following: long IWM.US when MA100>MA200, else cash.",2006-02-06,2026-02-20,5040,0.019809714344364737,0.18012859245060509,0.19984068759847284,0.20437121347543902,-0.49470719104008365,0.04004331188862718,0.481526519370459,0.35555555555555557,-0.08714990222915472,0.15667560015138626,-0.5562442533769824,0.6053671034549368,-0.038552074910093
ETF_MOM_factor_lb21_k1_cf1,Month-end rotation in factor ETFs. Signal=trailing 21-day return. Long top 1 equally weighted. Cash filter=True.,2006-02-06,2026-02-20,5040,0.02096778300294977,0.07788039992898228,0.3060408114563231,0.22938204155521372,-0.31028381980221076,0.06757614050360602,0.515605561962919,0.19166666666666668,-0.09931234320971383,0.17824705709183777,-0.557161194296679,0.15751628654502364,0.004436934623061984
ETF_MOM_all_lb126_k2_cf1,Month-end rotation in all ETFs. Signal=trailing 126-day return. Long top 2 equally weighted. Cash filter=True.,2006-02-06,2026-02-20,5040,0.0239930352414095,0.12178921022470406,0.2566181422588458,0.1870276254552428,-0.38366214166152635,0.06253688502468036,0.6081803028273618,0.23134920634920636,-0.09189360312553636,0.1647574162963049,-0.5577509358347443,0.3360165762211824,-0.010126086899636372
ETF_MOM_maj_lb126_k2_cf1,Month-end rotation in maj ETFs. Signal=trailing 126-day return. Long top 2 equally weighted. Cash filter=True.,2006-02-06,2026-02-20,5040,0.023553941229564224,0.12990293633219882,0.2451282328361183,0.19050657241626467,-0.3778486168727775,0.06233697882635069,0.5944181938855531,0.24603174603174602,-0.09130404677724875,0.16283525287101366,-0.5607142505499869,0.37162328586770665,-0.013921387318108859
ETF_MOM_factor_lb21_k3_cf1,Month-end rotation in factor ETFs. Signal=trailing 21-day return. Long top 3 equally weighted. Cash filter=True.,2006-02-06,2026-02-20,5040,0.020131772290099104,0.07176736715499776,0.31429854880624747,0.21111412118390493,-0.21437996158518147,0.09390696845563139,0.4909300708467639,0.16130952380952382,-0.10059054465205335,0.17833596035476104,-0.5640508198760701,0.14490259606329695,0.004712070363845654
ETF_MOM_all_lb21_k1_cf1,Month-end rotation in all ETFs. Signal=trailing 21-day return. Long top 1 equally weighted. Cash filter=True.,2006-02-06,2026-02-20,5040,0.01882952570495644,0.09925130003505352,0.23804334678583766,0.17933833808007474,-0.23493691647089354,0.08014715604428749,0.45325216092571563,0.1738095238095238,-0.09952081236740108,0.17639697344948446,-0.5641866207831343,0.21670761760593557,-0.0030607648822912614
ETF_TREND_EFA.US_50_200,"Trend-following: long EFA.US when MA50>MA200, else cash.",2006-02-06,2026-02-20,5040,0.020993686558584024,0.13644424111542433,0.2214196637127423,0.20725811395149893,-0.3513276202125616,0.05975529776418473,0.5163762878543363,0.34444444444444444,-0.09293548601728957,0.16451107270884027,-0.5649193363489059,0.38753107116289026,-0.017511821384917144
ETF_MOM_maj_lb126_k3_cf1,Month-end rotation in maj ETFs. Signal=trailing 126-day return. Long top 3 equally weighted. Cash filter=True.,2006-02-06,2026-02-20,5040,0.02458672199018852,0.12644458743485157,0.2562549198627043,0.19989283295635835,-0.37599935753123304,0.0653903297910454,0.6269672069429624,0.24424603174603174,-0.09074487638038173,0.16052174913525294,-0.565312033220846,0.36977819426059594,-0.013134999565326384
ETF_MOM_all_lb252_k2_cf1,Month-end rotation in all ETFs. Signal=trailing 252-day return. Long top 2 equally weighted. Cash filter=True.,2006-02-06,2026-02-20,5040,0.024171329333658065,0.12654652421038168,0.2529518779591112,0.20397907364345552,-0.36902435116835,0.06550063500452043,0.6138005599820073,0.25555555555555554,-0.09113674305236145,0.16096833384465206,-0.5661780853105548,0.36820853846719287,-0.013333567954608438
ETF_MOM_factor_lb252_k3_cf1,Month-end rotation in factor ETFs. Signal=trailing 252-day return. Long top 3 equally weighted. Cash filter=True.,2006-02-06,2026-02-20,5040,0.02526205099274903,0.1033765817438091,0.2938507787516357,0.20581933712915843,-0.384181771733594,0.06575546486434208,0.6485911129216888,0.2150793650793651,-0.0927696349504343,0.1634407077907892,-0.567604216867536,0.28652479053241575,-0.004907357553654457
ETF_MOM_factor_lb63_k3_cf1,Month-end rotation in factor ETFs. Signal=trailing 63-day return. Long top 3 equally weighted. Cash filter=True.,2006-02-06,2026-02-20,5040,0.022853816317429,0.09536026719865728,0.28554567581525686,0.19493509654797034,-0.36522720879455095,0.06257424355884947,0.5727060258768011,0.1984126984126984,-0.09591721205737896,0.1687993327004236,-0.568232175579981,0.24156760123719598,-0.0025185950871698254
ETF_MOM_maj_lb252_k1_cf1,Month-end rotation in maj ETFs. Signal=trailing 252-day return. Long top 1 equally weighted. Cash filter=True.,2006-02-06,2026-02-20,5040,0.01596185497784841,0.14415263167066353,0.1826074802629406,0.1590122213385182,-0.3742580131798867,0.042649333924017714,0.373446216409981,0.2634920634920635,-0.09682357515799433,0.1694755473956316,-0.571312951309687,0.39425944568292765,-0.022228489151290054
ETF_MOM_style_lb21_k2_cf1,Month-end rotation in style ETFs. Signal=trailing 21-day return. Long top 2 equally weighted. Cash filter=True.,2006-02-06,2026-02-20,5040,0.029034688251420304,0.1300025766938845,0.28550107733794716,0.2569572493614663,-0.3904102646385623,0.07436968461446655,0.7745030028241966,0.2698412698412698,-0.08603104829772995,0.1502558152314143,-0.5725638516197056,0.42445544083520653,-0.015154506211172751
ETF_MOM_factor_lb21_k2_cf1,Month-end rotation in factor ETFs. Signal=trailing 21-day return. Long top 2 equally weighted. Cash filter=True.,2006-02-06,2026-02-20,5040,0.017892135346775584,0.07183951046217507,0.2834136956933329,0.18909581238660247,-0.2092100480223782,0.08552235189421566,0.42669252079840003,0.16150793650793652,-0.10278662284366027,0.17922166838960674,-0.5735167168494424,0.14082023295260948,0.0030187226319743285
ETF_TREND_SIZE.US_20_100,"Trend-following: long SIZE.US when MA20>MA100, else cash.",2006-02-06,2026-02-20,5040,0.017024784790266922,0.08343716340519444,0.24472598796625097,0.17013436071735294,-0.2952024043169309,0.057671565479490546,0.40252868522940766,0.17182539682539683,-0.10272768175314612,0.17902998594502442,-0.5738015406207839,0.1657345625941202,9.540663593769066e-06
ETF_MOM_factor_lb63_k2_cf1,Month-end rotation in factor ETFs. Signal=trailing 63-day return. Long top 2 equally weighted. Cash filter=True.,2006-02-06,2026-02-20,5040,0.020654300424139738,0.0985918781080048,0.25762210925774864,0.17309569717664117,-0.3792522482167483,0.05446058796291037,0.506307761641229,0.1976190476190476,-0.09774747640670392,0.16977082135014093,-0.5757613447868674,0.24553708008042058,-0.0048376885459242465
ETF_MOM_all_lb21_k2_cf1,Month-end rotation in all ETFs. Signal=trailing 21-day return. Long top 2 equally weighted. Cash filter=True.,2006-02-06,2026-02-20,5040,0.018663245624510383,0.09347522799716387,0.24507201847686466,0.18076458195159198,-0.26382357567022174,0.07074138684193772,0.4485068286889202,0.1765873015873016,-0.10023876119773342,0.17334001599540436,-0.5782782505328297,0.21612029714525582,-0.003706387004488155
ETF_MOM_style_lb21_k1_cf1,Month-end rotation in style ETFs. Signal=trailing 21-day return. Long top 1 equally weighted. Cash filter=True.,2006-02-06,2026-02-20,5040,0.02483532459223814,0.1348328746392156,0.24972491220139037,0.2241877684042234,-0.3849651083142508,0.06451318328819769,0.6348958828130276,0.26924603174603173,-0.08947579621943968,0.15404975431655335,-0.5808240111503007,0.4261175019059795,-0.018803931841249677
ETF_MOM_factor_lb252_k2_cf1,Month-end rotation in factor ETFs. Signal=trailing 252-day return. Long top 2 equally weighted. Cash filter=True.,2006-02-06,2026-02-20,5040,0.021657593841922562,0.1052398529976781,0.2571170652806493,0.17644631791832946,-0.4022602727657534,0.05383975328464599,0.5362575206004216,0.2152777777777778,-0.09608796184724153,0.16482314122149175,-0.5829761593824628,0.2856573084581597,-0.008118856701391182
ETF_MOM_all_lb63_k3_cf1,Month-end rotation in all ETFs. Signal=trailing 63-day return. Long top 3 equally weighted. Cash filter=True.,2006-02-06,2026-02-20,5040,0.020629544262846133,0.11377248271604176,0.23720066515135807,0.18025018076291183,-0.3595175413873236,0.05738118975569274,0.5055758147012925,0.23313492063492064,-0.09616001542442489,0.16349454623824178,-0.5881542695847103,0.31637454135000964,-0.011973643023022947
ETF_MOM_all_lb21_k3_cf1,Month-end rotation in all ETFs. Signal=trailing 21-day return. Long top 3 equally weighted. Cash filter=True.,2006-02-06,2026-02-20,5040,0.01642658467281799,0.0941198116030081,0.22064061827056344,0.16086550349141027,-0.26910091959667504,0.061042469484823544,0.386090328826024,0.1738095238095238,-0.10238027057701128,0.17219525609835806,-0.5945591818042713,0.2230031731663488,-0.006695501394042673
ETF_MOM_style_lb21_k3_cf1,Month-end rotation in style ETFs. Signal=trailing 21-day return. Long top 3 equally weighted. Cash filter=True.,2006-02-06,2026-02-20,5040,0.025366154954992615,0.12918220640527714,0.2588290767419235,0.22912177955766594,-0.38202722930555355,0.06639881403507031,0.6519486953308355,0.26845238095238094,-0.08971081278520726,0.1484917735000676,-0.6041466855035055,0.42864500768662867,-0.01935020296929854
ETF_MOM_all_lb252_k1_cf1,Month-end rotation in all ETFs. Signal=trailing 252-day return. Long top 1 equally weighted. Cash filter=True.,2006-02-06,2026-02-20,5040,0.010303522447952407,0.1384459940450624,0.143903030783001,0.11976403829166712,-0.44203497440968653,0.023309292351158854,0.22802719102476487,0.25297619047619047,-0.10322412585783489,0.16887760475782457,-0.6112363211525298,0.37546394665389077,-0.026314431960644154
STOCK_MOM_lb3_k20,Stock-level monthly cross-sectional momentum over 3 months in latest S&P500 members; long top 20 equal-weight.,2006-02-06,2026-02-20,5040,0.0,0.0,0.0,,0.0,,0.0,0.0,-0.12314692400082859,0.19371712938469082,-0.6357048774744285,0.0,0.0
STOCK_MOM_lb6_k20,Stock-level monthly cross-sectional momentum over 6 months in latest S&P500 members; long top 20 equal-weight.,2006-02-06,2026-02-20,5040,0.0,0.0,0.0,,0.0,,0.0,0.0,-0.12314692400082859,0.19371712938469082,-0.6357048774744285,0.0,0.0
STOCK_MOM_VAL_QUAL_k20_w0.5_0.25_0.25,Stock-level composite score = 0.5*6M momentum + 0.25*value(z of -PE) + 0.25*quality(z of ROE/profit/operating margins); long top 20.,2006-02-06,2026-02-20,5040,0.0,0.0,0.0,,0.0,,0.0,0.0,-0.12314692400082859,0.19371712938469082,-0.6357048774744285,0.0,0.0
STOCK_MOM_VAL_QUAL_k20_w0.4_0.3_0.3,Stock-level composite score = 0.4*6M momentum + 0.3*value(z of -PE) + 0.3*quality(z of ROE/profit/operating margins); long top 20.,2006-02-06,2026-02-20,5040,0.0,0.0,0.0,,0.0,,0.0,0.0,-0.12314692400082859,0.19371712938469082,-0.6357048774744285,0.0,0.0
STOCK_MOM_VAL_QUAL_k20_w0.33_0.33_0.34,Stock-level composite score = 0.33*6M momentum + 0.33*value(z of -PE) + 0.34*quality(z of ROE/profit/operating margins); long top 20.,2006-02-06,2026-02-20,5040,0.0,0.0,0.0,,0.0,,0.0,0.0,-0.12314692400082859,0.19371712938469082,-0.6357048774744285,0.0,0.0
STOCK_EARN_MOM_k20_w0.5_0.5,Stock-level score = 0.5*trailing-4Q avg earnings surprise + 0.5*3M momentum; long top 20.,2006-02-06,2026-02-20,5040,0.0,0.0,0.0,,0.0,,0.0,0.0,-0.12314692400082859,0.19371712938469082,-0.6357048774744285,0.0,0.0
STOCK_EARN_MOM_k20_w0.6_0.4,Stock-level score = 0.6*trailing-4Q avg earnings surprise + 0.4*3M momentum; long top 20.,2006-02-06,2026-02-20,5040,0.0,0.0,0.0,,0.0,,0.0,0.0,-0.12314692400082859,0.19371712938469082,-0.6357048774744285,0.0,0.0
STOCK_EARN_MOM_k20_w0.4_0.6,Stock-level score = 0.4*trailing-4Q avg earnings surprise + 0.6*3M momentum; long top 20.,2006-02-06,2026-02-20,5040,0.0,0.0,0.0,,0.0,,0.0,0.0,-0.12314692400082859,0.19371712938469082,-0.6357048774744285,0.0,0.0
STOCK_MACRO_MOM_QUAL_k20,"Macro-conditioned stock strategy: if (10Y-2Y>0 and VIX<20) rank by 6M momentum, else rank by quality z-score; long top 20.",2006-02-06,2026-02-20,5040,0.0,0.0,0.0,,0.0,,0.0,0.0,-0.12314692400082859,0.19371712938469082,-0.6357048774744285,0.0,0.0
STOCK_REV_QUAL_k20,Stock-level mean-reversion blend: score = 0.6*(-1M momentum) + 0.4*quality z-score; long top 20.,2006-02-06,2026-02-20,5040,0.0,0.0,0.0,,0.0,,0.0,0.0,-0.12314692400082859,0.19371712938469082,-0.6357048774744285,0.0,0.0
STOCK_MOM_lb3_k30,Stock-level monthly cross-sectional momentum over 3 months in latest S&P500 members; long top 30 equal-weight.,2006-02-06,2026-02-20,5040,0.0,0.0,0.0,,0.0,,0.0,0.0,-0.12314692400082859,0.19371712938469082,-0.6357048774744285,0.0,0.0
STOCK_MOM_lb6_k30,Stock-level monthly cross-sectional momentum over 6 months in latest S&P500 members; long top 30 equal-weight.,2006-02-06,2026-02-20,5040,0.0,0.0,0.0,,0.0,,0.0,0.0,-0.12314692400082859,0.19371712938469082,-0.6357048774744285,0.0,0.0
STOCK_MOM_VAL_QUAL_k30_w0.5_0.25_0.25,Stock-level composite score = 0.5*6M momentum + 0.25*value(z of -PE) + 0.25*quality(z of ROE/profit/operating margins); long top 30.,2006-02-06,2026-02-20,5040,0.0,0.0,0.0,,0.0,,0.0,0.0,-0.12314692400082859,0.19371712938469082,-0.6357048774744285,0.0,0.0
STOCK_MOM_VAL_QUAL_k30_w0.4_0.3_0.3,Stock-level composite score = 0.4*6M momentum + 0.3*value(z of -PE) + 0.3*quality(z of ROE/profit/operating margins); long top 30.,2006-02-06,2026-02-20,5040,0.0,0.0,0.0,,0.0,,0.0,0.0,-0.12314692400082859,0.19371712938469082,-0.6357048774744285,0.0,0.0
STOCK_MOM_VAL_QUAL_k30_w0.33_0.33_0.34,Stock-level composite score = 0.33*6M momentum + 0.33*value(z of -PE) + 0.34*quality(z of ROE/profit/operating margins); long top 30.,2006-02-06,2026-02-20,5040,0.0,0.0,0.0,,0.0,,0.0,0.0,-0.12314692400082859,0.19371712938469082,-0.6357048774744285,0.0,0.0
STOCK_EARN_MOM_k30_w0.5_0.5,Stock-level score = 0.5*trailing-4Q avg earnings surprise + 0.5*3M momentum; long top 30.,2006-02-06,2026-02-20,5040,0.0,0.0,0.0,,0.0,,0.0,0.0,-0.12314692400082859,0.19371712938469082,-0.6357048774744285,0.0,0.0
STOCK_EARN_MOM_k30_w0.6_0.4,Stock-level score = 0.6*trailing-4Q avg earnings surprise + 0.4*3M momentum; long top 30.,2006-02-06,2026-02-20,5040,0.0,0.0,0.0,,0.0,,0.0,0.0,-0.12314692400082859,0.19371712938469082,-0.6357048774744285,0.0,0.0
STOCK_EARN_MOM_k30_w0.4_0.6,Stock-level score = 0.4*trailing-4Q avg earnings surprise + 0.6*3M momentum; long top 30.,2006-02-06,2026-02-20,5040,0.0,0.0,0.0,,0.0,,0.0,0.0,-0.12314692400082859,0.19371712938469082,-0.6357048774744285,0.0,0.0
STOCK_MACRO_MOM_QUAL_k30,"Macro-conditioned stock strategy: if (10Y-2Y>0 and VIX<20) rank by 6M momentum, else rank by quality z-score; long top 30.",2006-02-06,2026-02-20,5040,0.0,0.0,0.0,,0.0,,0.0,0.0,-0.12314692400082859,0.19371712938469082,-0.6357048774744285,0.0,0.0
STOCK_REV_QUAL_k30,Stock-level mean-reversion blend: score = 0.6*(-1M momentum) + 0.4*quality z-score; long top 30.,2006-02-06,2026-02-20,5040,0.0,0.0,0.0,,0.0,,0.0,0.0,-0.12314692400082859,0.19371712938469082,-0.6357048774744285,0.0,0.0
STOCK_MOM_lb3_k50,Stock-level monthly cross-sectional momentum over 3 months in latest S&P500 members; long top 50 equal-weight.,2006-02-06,2026-02-20,5040,0.0,0.0,0.0,,0.0,,0.0,0.0,-0.12314692400082859,0.19371712938469082,-0.6357048774744285,0.0,0.0
STOCK_MOM_lb6_k50,Stock-level monthly cross-sectional momentum over 6 months in latest S&P500 members; long top 50 equal-weight.,2006-02-06,2026-02-20,5040,0.0,0.0,0.0,,0.0,,0.0,0.0,-0.12314692400082859,0.19371712938469082,-0.6357048774744285,0.0,0.0
STOCK_MOM_VAL_QUAL_k50_w0.5_0.25_0.25,Stock-level composite score = 0.5*6M momentum + 0.25*value(z of -PE) + 0.25*quality(z of ROE/profit/operating margins); long top 50.,2006-02-06,2026-02-20,5040,0.0,0.0,0.0,,0.0,,0.0,0.0,-0.12314692400082859,0.19371712938469082,-0.6357048774744285,0.0,0.0
STOCK_MOM_VAL_QUAL_k50_w0.4_0.3_0.3,Stock-level composite score = 0.4*6M momentum + 0.3*value(z of -PE) + 0.3*quality(z of ROE/profit/operating margins); long top 50.,2006-02-06,2026-02-20,5040,0.0,0.0,0.0,,0.0,,0.0,0.0,-0.12314692400082859,0.19371712938469082,-0.6357048774744285,0.0,0.0
STOCK_MOM_VAL_QUAL_k50_w0.33_0.33_0.34,Stock-level composite score = 0.33*6M momentum + 0.33*value(z of -PE) + 0.34*quality(z of ROE/profit/operating margins); long top 50.,2006-02-06,2026-02-20,5040,0.0,0.0,0.0,,0.0,,0.0,0.0,-0.12314692400082859,0.19371712938469082,-0.6357048774744285,0.0,0.0
STOCK_EARN_MOM_k50_w0.5_0.5,Stock-level score = 0.5*trailing-4Q avg earnings surprise + 0.5*3M momentum; long top 50.,2006-02-06,2026-02-20,5040,0.0,0.0,0.0,,0.0,,0.0,0.0,-0.12314692400082859,0.19371712938469082,-0.6357048774744285,0.0,0.0
STOCK_EARN_MOM_k50_w0.6_0.4,Stock-level score = 0.6*trailing-4Q avg earnings surprise + 0.4*3M momentum; long top 50.,2006-02-06,2026-02-20,5040,0.0,0.0,0.0,,0.0,,0.0,0.0,-0.12314692400082859,0.19371712938469082,-0.6357048774744285,0.0,0.0
STOCK_EARN_MOM_k50_w0.4_0.6,Stock-level score = 0.4*trailing-4Q avg earnings surprise + 0.6*3M momentum; long top 50.,2006-02-06,2026-02-20,5040,0.0,0.0,0.0,,0.0,,0.0,0.0,-0.12314692400082859,0.19371712938469082,-0.6357048774744285,0.0,0.0
STOCK_MACRO_MOM_QUAL_k50,"Macro-conditioned stock strategy: if (10Y-2Y>0 and VIX<20) rank by 6M momentum, else rank by quality z-score; long top 50.",2006-02-06,2026-02-20,5040,0.0,0.0,0.0,,0.0,,0.0,0.0,-0.12314692400082859,0.19371712938469082,-0.6357048774744285,0.0,0.0
STOCK_REV_QUAL_k50,Stock-level mean-reversion blend: score = 0.6*(-1M momentum) + 0.4*quality z-score; long top 50.,2006-02-06,2026-02-20,5040,0.0,0.0,0.0,,0.0,,0.0,0.0,-0.12314692400082859,0.19371712938469082,-0.6357048774744285,0.0,0.0
STOCK_MOM_lb3_k75,Stock-level monthly cross-sectional momentum over 3 months in latest S&P500 members; long top 75 equal-weight.,2006-02-06,2026-02-20,5040,0.0,0.0,0.0,,0.0,,0.0,0.0,-0.12314692400082859,0.19371712938469082,-0.6357048774744285,0.0,0.0
STOCK_MOM_lb6_k75,Stock-level monthly cross-sectional momentum over 6 months in latest S&P500 members; long top 75 equal-weight.,2006-02-06,2026-02-20,5040,0.0,0.0,0.0,,0.0,,0.0,0.0,-0.12314692400082859,0.19371712938469082,-0.6357048774744285,0.0,0.0
STOCK_MOM_VAL_QUAL_k75_w0.5_0.25_0.25,Stock-level composite score = 0.5*6M momentum + 0.25*value(z of -PE) + 0.25*quality(z of ROE/profit/operating margins); long top 75.,2006-02-06,2026-02-20,5040,0.0,0.0,0.0,,0.0,,0.0,0.0,-0.12314692400082859,0.19371712938469082,-0.6357048774744285,0.0,0.0
STOCK_MOM_VAL_QUAL_k75_w0.4_0.3_0.3,Stock-level composite score = 0.4*6M momentum + 0.3*value(z of -PE) + 0.3*quality(z of ROE/profit/operating margins); long top 75.,2006-02-06,2026-02-20,5040,0.0,0.0,0.0,,0.0,,0.0,0.0,-0.12314692400082859,0.19371712938469082,-0.6357048774744285,0.0,0.0
STOCK_MOM_VAL_QUAL_k75_w0.33_0.33_0.34,Stock-level composite score = 0.33*6M momentum + 0.33*value(z of -PE) + 0.34*quality(z of ROE/profit/operating margins); long top 75.,2006-02-06,2026-02-20,5040,0.0,0.0,0.0,,0.0,,0.0,0.0,-0.12314692400082859,0.19371712938469082,-0.6357048774744285,0.0,0.0
STOCK_EARN_MOM_k75_w0.5_0.5,Stock-level score = 0.5*trailing-4Q avg earnings surprise + 0.5*3M momentum; long top 75.,2006-02-06,2026-02-20,5040,0.0,0.0,0.0,,0.0,,0.0,0.0,-0.12314692400082859,0.19371712938469082,-0.6357048774744285,0.0,0.0
STOCK_EARN_MOM_k75_w0.6_0.4,Stock-level score = 0.6*trailing-4Q avg earnings surprise + 0.4*3M momentum; long top 75.,2006-02-06,2026-02-20,5040,0.0,0.0,0.0,,0.0,,0.0,0.0,-0.12314692400082859,0.19371712938469082,-0.6357048774744285,0.0,0.0
STOCK_EARN_MOM_k75_w0.4_0.6,Stock-level score = 0.4*trailing-4Q avg earnings surprise + 0.6*3M momentum; long top 75.,2006-02-06,2026-02-20,5040,0.0,0.0,0.0,,0.0,,0.0,0.0,-0.12314692400082859,0.19371712938469082,-0.6357048774744285,0.0,0.0
STOCK_MACRO_MOM_QUAL_k75,"Macro-conditioned stock strategy: if (10Y-2Y>0 and VIX<20) rank by 6M momentum, else rank by quality z-score; long top 75.",2006-02-06,2026-02-20,5040,0.0,0.0,0.0,,0.0,,0.0,0.0,-0.12314692400082859,0.19371712938469082,-0.6357048774744285,0.0,0.0
STOCK_REV_QUAL_k75,Stock-level mean-reversion blend: score = 0.6*(-1M momentum) + 0.4*quality z-score; long top 75.,2006-02-06,2026-02-20,5040,0.0,0.0,0.0,,0.0,,0.0,0.0,-0.12314692400082859,0.19371712938469082,-0.6357048774744285,0.0,0.0
ETF_MOM_all_lb126_k1_cf1,Month-end rotation in all ETFs. Signal=trailing 126-day return. Long top 1 equally weighted. Cash filter=True.,2006-02-06,2026-02-20,5040,0.007617822550430198,0.12746826523300558,0.12413683366088081,0.0911698606556986,-0.46252270523899774,0.01647015911682404,0.16424167592457528,0.2263888888888889,-0.10732341716243379,0.16816082466008014,-0.6382189037116037,0.33978121662139393,-0.026019504821789084
ETF_TREND_SIZE.US_50_200,"Trend-following: long SIZE.US when MA50>MA200, else cash.",2006-02-06,2026-02-20,5040,0.006904170836103507,0.09929715052148151,0.11981743916483002,0.07312345870355173,-0.396467363339002,0.017414222391365038,0.1478293655828824,0.16051587301587303,-0.11124939370886017,0.17206615889841215,-0.6465501085189869,0.2369405338868546,-0.017280967627311836
